account,url,weight
0,0,1
1,0,7
2,0,38
3,0,23
4,0,27
5,1,11
6,1,3
7,1,34
8,2,34
4,2,47
9,2,20
10,2,26
11,2,42
12,2,2
13,2,3
14,2,27
15,2,34
16,2,1
17,2,20
18,2,4
19,2,21
20,2,35
21,2,30
22,2,47
23,2,43
24,2,27
25,2,5
26,2,33
27,2,21
28,2,36
29,2,46
30,2,39
31,2,14
32,2,3
33,2,37
34,2,17
35,2,32
36,2,38
37,2,50
38,2,19
39,2,13
40,2,50
41,2,37
42,2,38
43,2,33
44,2,4
10,3,32
45,3,45
46,3,14
47,3,22
48,3,39
49,3,24
50,3,12
51,3,14
52,3,18
53,3,9
54,3,25
55,3,45
56,3,46
57,4,4
58,4,46
59,4,26
33,5,26
14,5,16
60,5,50
61,6,25
62,6,14
63,6,5
64,7,48
65,7,4
66,7,26
67,7,20
9,7,14
49,7,46
68,7,27
69,7,24
39,7,48
70,7,3
71,7,39
14,7,39
72,7,42
73,7,7
74,7,1
75,7,35
11,7,44
76,7,32
19,7,37
77,7,37
78,7,50
79,7,45
80,7,12
81,7,16
7,7,18
82,7,26
83,7,30
1,7,43
84,7,21
85,7,43
86,7,14
87,7,21
88,7,27
89,7,24
90,7,15
23,7,9
18,7,8
91,7,29
92,7,41
93,7,2
94,7,27
95,7,25
96,7,48
97,7,38
98,7,28
99,7,45
100,7,32
101,7,43
102,7,8
103,7,11
17,7,36
104,7,7
105,7,5
106,8,14
107,8,1
108,8,21
26,8,2
109,8,36
110,8,47
111,8,12
112,8,10
113,8,16
19,8,45
106,9,33
16,9,8
114,9,35
33,9,20
7,9,20
101,9,25
115,9,8
77,9,30
116,9,43
117,9,30
48,9,48
118,9,28
19,9,8
119,9,50
120,9,21
23,9,8
121,9,29
97,9,13
122,9,25
123,9,24
124,9,49
125,9,7
26,9,10
126,9,16
127,9,32
128,9,7
129,9,33
130,9,32
58,9,41
131,9,13
132,9,24
133,9,20
35,9,11
44,9,2
134,9,46
135,10,22
136,10,8
45,10,48
137,10,21
33,10,7
138,10,45
139,10,5
95,10,9
19,10,4
140,10,19
141,10,13
49,10,7
142,10,40
143,10,23
11,10,18
118,10,23
83,10,41
101,10,47
144,10,33
77,10,11
20,10,34
40,10,46
145,10,13
90,10,44
52,10,24
126,10,26
146,10,31
147,10,41
122,10,38
148,10,24
149,10,48
150,10,32
151,10,22
65,10,42
152,10,35
153,11,36
154,11,50
135,11,48
155,11,43
118,11,15
17,11,27
69,11,26
120,11,6
95,11,21
137,11,29
48,11,44
49,11,23
156,11,37
157,11,44
158,11,36
159,11,41
160,11,36
161,11,38
162,11,1
163,11,45
164,11,27
165,11,24
166,11,4
7,11,36
65,11,25
121,11,34
26,11,35
78,11,10
167,11,46
168,11,44
19,11,45
169,11,28
33,11,7
58,11,23
170,11,50
111,11,11
40,11,23
171,11,16
172,11,26
127,11,45
70,11,22
173,11,24
152,11,41
53,11,19
174,11,11
28,11,50
175,11,8
32,11,32
176,11,31
177,11,1
178,11,1
86,11,39
20,11,37
124,11,16
21,11,21
179,11,35
180,11,35
181,11,11
182,11,42
183,11,36
184,11,42
185,11,5
145,11,5
186,12,39
95,12,32
187,12,11
88,12,11
188,12,5
189,12,20
16,12,48
190,12,48
179,12,20
191,12,14
192,12,35
7,12,15
193,12,39
101,12,40
194,12,22
195,12,15
196,12,10
197,12,1
118,12,10
198,12,50
199,13,13
200,13,41
201,13,7
117,13,20
192,13,31
95,13,9
122,14,42
49,14,8
68,14,50
67,14,13
71,14,12
144,14,6
202,14,11
115,14,32
203,14,35
195,14,40
204,14,35
94,14,38
48,14,34
2,14,32
130,14,3
205,15,30
206,16,12
199,16,16
207,16,35
208,16,6
153,16,39
69,16,27
209,16,28
68,16,30
7,16,17
49,16,36
210,16,8
211,16,9
118,16,25
204,16,44
193,16,41
212,16,28
213,16,37
214,16,16
48,16,7
93,16,27
215,16,16
216,16,30
163,16,26
217,16,22
218,16,13
219,16,19
96,16,20
71,16,23
220,16,24
87,16,20
221,16,14
180,16,4
222,16,19
32,16,13
223,16,34
224,16,34
103,16,26
225,16,37
226,16,37
227,16,48
228,16,24
23,16,48
229,16,17
230,16,24
231,16,26
232,16,34
233,16,21
234,16,31
152,16,50
132,16,8
235,16,34
236,16,18
237,17,28
238,17,27
239,17,42
240,17,1
241,17,14
122,17,33
242,17,28
243,17,46
244,17,14
137,17,49
245,17,13
138,17,43
246,17,35
247,17,23
248,17,41
65,17,2
249,17,9
250,17,36
251,17,36
48,17,22
130,17,30
105,17,38
252,18,50
253,19,35
254,20,14
255,20,38
256,20,9
257,20,1
258,20,25
259,20,4
260,20,9
261,20,46
262,20,40
263,20,38
264,20,22
265,20,1
266,20,30
267,20,26
268,20,4
269,20,28
270,20,20
271,20,11
272,20,20
273,20,32
274,20,33
275,20,36
276,20,27
277,20,15
278,20,41
279,20,19
280,20,35
281,20,16
282,20,1
283,20,6
284,20,27
285,20,39
286,20,12
287,20,3
288,20,4
289,20,9
290,20,37
291,20,15
292,20,3
293,20,24
294,20,23
295,20,26
296,20,23
297,20,8
298,20,15
299,20,42
300,20,35
301,20,29
302,20,35
303,20,17
304,21,3
305,21,50
299,21,28
306,22,1
307,22,43
308,23,2
309,24,19
310,24,25
309,25,29
311,26,37
312,26,34
218,26,27
139,26,2
313,26,7
156,26,49
153,26,10
7,26,18
240,26,31
50,26,31
163,26,7
314,26,28
315,26,48
316,26,18
99,26,42
150,26,49
120,26,13
118,26,13
117,26,22
161,26,41
317,26,45
318,26,13
319,26,39
38,26,35
89,26,23
162,26,14
320,26,34
321,26,6
322,26,11
323,26,6
324,26,28
325,26,1
326,26,9
23,26,30
51,26,22
327,26,5
119,26,35
328,26,19
11,26,42
329,26,7
134,26,49
330,26,2
331,26,5
167,26,25
166,26,39
332,26,47
98,26,13
333,27,18
308,28,39
334,28,25
48,29,38
335,29,34
336,29,35
281,29,38
337,30,2
33,31,12
230,31,12
19,31,29
338,31,33
339,31,31
153,31,19
74,32,12
45,32,12
340,32,33
341,32,9
206,32,38
342,32,8
343,32,3
49,32,34
243,32,7
118,32,48
344,32,25
122,32,32
33,32,46
23,32,1
345,32,30
65,32,37
111,32,25
90,32,3
98,32,23
329,32,26
346,32,39
347,32,4
19,32,23
321,32,49
348,32,24
149,32,17
349,32,23
350,32,38
351,32,11
352,32,9
167,32,19
353,32,47
48,32,49
354,32,13
355,33,4
356,33,7
357,33,27
193,33,9
158,33,26
87,33,6
358,33,43
359,33,19
360,33,22
361,33,17
362,33,36
300,33,29
363,33,44
364,33,38
365,33,42
366,33,35
367,33,20
368,33,47
301,33,31
369,33,19
370,33,27
371,33,23
72,33,21
372,33,13
373,33,5
374,33,22
153,33,24
375,33,15
376,33,6
377,33,11
378,33,41
379,33,27
380,33,34
381,34,44
382,35,13
358,36,36
361,36,14
383,36,20
384,36,5
385,37,23
201,38,12
45,39,40
386,39,25
49,39,1
145,39,14
130,39,34
387,40,22
384,40,10
388,40,49
389,41,7
45,41,40
390,41,48
391,41,9
135,41,31
199,41,4
68,41,18
114,41,15
392,41,26
73,41,42
74,41,42
393,41,37
118,41,17
7,41,41
109,41,32
139,41,3
394,41,3
386,41,8
395,41,39
351,41,4
312,41,26
48,41,47
179,41,12
188,41,11
49,41,5
116,41,35
127,41,36
244,41,25
352,41,14
143,41,36
152,41,19
25,41,11
84,41,12
122,41,22
396,41,24
23,41,44
397,41,49
219,41,23
19,41,2
234,41,27
153,41,2
398,41,38
399,41,30
40,41,42
157,41,17
137,41,12
214,41,27
61,41,22
38,41,21
249,41,50
130,41,49
78,41,43
52,41,44
400,41,16
102,41,8
11,41,50
401,41,32
402,41,24
149,41,47
166,41,35
316,41,41
403,41,28
404,41,29
176,41,8
26,41,48
134,41,42
405,41,8
7,42,3
19,42,18
183,42,6
362,43,5
406,43,26
301,43,2
366,43,29
407,43,43
408,43,26
409,43,34
358,43,37
153,43,35
410,43,2
368,43,10
411,43,34
412,43,18
413,43,4
72,43,8
414,43,47
415,43,12
356,43,20
360,43,30
416,43,9
417,43,2
173,43,35
418,43,39
363,43,36
361,43,4
419,43,30
375,43,47
420,43,47
421,43,22
364,43,26
400,43,42
422,43,46
423,43,31
308,44,37
424,45,26
369,45,25
425,45,9
361,45,49
426,45,29
427,45,14
428,45,27
429,45,35
430,45,34
431,45,5
43,45,28
357,46,31
358,46,34
356,46,25
355,46,29
368,46,30
153,46,23
160,46,8
432,46,26
87,46,37
233,46,2
433,46,3
36,46,27
426,46,17
366,46,2
414,46,13
434,46,6
384,46,20
314,46,28
435,46,30
436,46,31
361,46,47
375,46,39
418,46,26
437,46,25
438,46,33
97,46,35
369,46,21
439,46,25
204,46,24
43,46,36
413,47,27
382,47,14
358,47,31
438,47,15
301,47,36
87,47,27
415,47,47
377,47,12
412,47,21
361,47,30
440,47,40
441,48,47
187,48,35
442,48,42
385,48,27
178,48,12
193,48,8
406,48,45
169,48,13
334,48,33
443,48,1
444,48,47
439,48,14
445,48,43
29,48,14
153,48,48
446,48,26
447,48,7
448,48,21
43,48,36
449,48,22
450,48,6
7,49,39
33,50,5
240,50,23
153,50,18
49,50,15
451,50,38
344,50,17
118,50,17
452,50,3
453,50,29
176,50,25
454,50,11
7,50,6
455,50,49
339,50,44
19,50,25
11,50,19
353,50,41
68,51,9
192,51,8
67,51,3
73,51,8
143,51,24
240,51,20
56,51,45
456,51,22
139,51,21
70,51,33
193,51,16
457,51,4
219,51,41
51,51,45
23,51,46
19,51,46
12,51,39
458,51,9
180,51,29
339,51,2
78,51,41
120,51,27
40,51,44
161,51,14
179,51,44
459,51,30
11,51,20
224,51,41
7,51,27
460,51,47
20,51,22
351,51,29
461,51,38
37,51,45
148,51,17
462,51,10
463,51,38
1,51,36
151,51,44
450,51,4
14,52,36
73,52,44
7,52,18
67,52,5
464,53,9
115,53,21
465,53,5
466,53,34
97,53,29
467,53,41
468,53,44
469,53,39
145,53,32
151,53,45
7,54,44
116,54,25
16,54,6
40,54,19
14,55,20
470,55,35
139,55,7
452,55,4
33,55,8
49,55,24
48,55,36
34,55,12
69,55,20
471,55,49
472,55,32
354,55,35
23,55,46
153,56,19
14,56,43
452,56,40
49,56,22
64,56,4
48,56,25
393,56,25
339,56,23
89,56,25
473,56,38
162,56,47
137,56,16
474,56,8
174,56,6
25,56,5
475,56,49
396,56,21
213,56,12
476,56,49
157,56,42
477,56,10
35,56,7
478,57,10
479,58,17
480,59,29
481,60,23
482,61,30
246,61,22
172,61,19
483,61,20
99,61,31
484,62,22
121,62,8
45,63,34
485,63,50
33,63,35
486,63,21
8,63,43
186,63,41
487,63,40
192,63,19
139,63,1
172,63,24
23,63,32
488,63,33
90,63,33
71,63,40
7,63,19
489,63,18
454,63,20
453,63,17
126,63,35
490,64,8
491,64,15
313,64,34
492,64,43
68,64,16
13,64,8
69,64,31
365,64,1
49,64,47
199,64,20
390,64,26
206,64,18
493,64,14
494,64,15
189,64,42
84,64,7
48,64,32
33,64,3
495,64,23
464,64,19
7,64,8
114,64,38
154,64,34
9,64,1
496,64,40
56,64,29
65,64,15
497,64,21
343,64,17
418,64,26
498,64,36
118,64,43
71,64,12
21,64,24
499,64,19
17,64,3
480,64,4
116,64,11
12,64,29
163,64,42
236,64,22
122,64,42
23,64,15
90,64,10
202,64,18
169,64,47
179,64,30
19,64,19
500,64,24
97,64,32
7,65,48
501,65,21
70,65,3
115,65,23
122,65,30
502,65,38
129,65,44
461,65,7
316,65,6
62,65,34
7,66,42
139,66,30
312,66,33
386,66,50
118,66,1
209,66,47
92,66,10
503,66,49
19,66,27
504,66,14
505,66,36
364,66,30
97,66,42
31,66,42
145,66,33
104,66,37
459,66,33
482,67,18
340,68,27
506,68,34
7,68,17
80,68,44
52,68,23
135,69,46
507,69,14
189,69,48
243,69,6
493,69,21
139,69,42
45,69,49
508,69,17
153,69,27
7,69,27
211,69,41
509,69,47
510,69,34
511,69,13
348,69,48
249,69,30
22,69,7
512,69,13
23,69,45
166,69,10
80,69,9
513,69,42
13,69,31
65,69,32
47,69,42
28,69,34
514,69,20
157,69,44
12,69,34
351,69,6
515,69,1
179,69,34
127,69,32
516,69,23
52,69,29
90,69,2
517,69,18
19,69,43
177,69,19
48,69,34
401,69,29
81,69,3
58,69,38
67,69,14
40,69,23
176,69,9
172,69,5
118,69,45
149,69,50
468,69,30
102,69,2
213,69,35
518,69,25
63,69,29
519,69,45
520,69,22
352,69,35
45,70,11
190,70,25
521,70,14
66,70,48
118,70,13
158,70,48
296,70,24
193,70,7
513,70,49
522,70,43
194,70,11
523,70,1
524,70,40
475,70,3
468,70,49
520,70,33
95,70,29
170,70,7
500,70,7
351,70,42
178,70,26
328,70,33
7,70,26
512,70,27
323,70,6
151,70,46
183,70,34
312,70,14
136,71,20
340,71,20
142,71,42
9,71,13
525,71,7
498,71,37
111,71,33
526,71,11
527,71,43
528,71,2
472,71,6
470,71,10
7,71,19
529,71,39
118,71,36
0,71,34
232,71,30
115,71,18
455,71,8
122,71,15
530,71,9
95,71,12
531,71,34
512,71,21
166,71,45
386,71,29
532,71,18
344,71,22
533,71,35
23,71,42
248,71,40
157,71,43
471,71,15
198,71,14
534,71,9
535,71,27
536,71,4
151,71,50
130,71,38
453,71,7
105,71,9
457,71,22
537,71,39
338,71,11
353,71,22
468,71,2
538,71,47
237,72,6
45,72,14
135,72,25
139,72,40
539,72,13
470,72,11
142,72,15
341,72,20
14,72,11
340,72,47
95,72,39
33,72,31
73,72,29
67,72,18
7,72,46
9,72,10
540,72,6
157,72,40
395,72,35
48,72,1
541,72,38
118,72,6
179,72,45
447,72,33
111,72,18
49,72,20
127,72,11
175,72,17
172,72,1
40,72,46
60,72,40
542,72,20
543,72,37
65,72,42
219,72,44
403,72,7
101,72,18
544,72,48
84,72,19
148,72,18
391,72,5
126,72,29
146,72,39
248,72,43
151,72,25
49,73,41
33,73,33
509,73,22
339,73,18
545,73,18
351,74,15
139,75,46
118,75,32
64,75,38
546,75,8
547,75,39
454,75,13
548,75,31
135,76,43
186,76,16
33,76,31
90,76,7
23,76,19
157,76,7
482,77,14
514,78,7
155,79,11
175,79,38
549,79,4
172,79,23
550,79,49
8,80,12
15,80,10
551,80,35
552,80,5
113,80,43
509,80,8
162,80,7
318,80,41
418,80,48
460,80,3
553,80,4
153,80,42
196,80,8
390,81,41
494,81,12
78,81,20
347,82,30
143,82,33
238,83,3
33,83,50
487,83,41
186,83,21
342,83,2
73,83,6
554,83,49
555,83,44
13,83,34
501,83,42
7,83,12
452,83,36
16,83,30
556,83,12
95,83,12
71,83,1
118,83,23
23,83,21
120,83,47
319,83,2
17,83,26
164,83,19
67,83,43
393,83,40
219,83,31
557,83,17
1,83,32
101,83,33
12,83,33
558,83,13
315,83,2
19,83,50
172,83,11
386,83,33
543,83,29
80,83,19
162,83,7
391,83,23
122,83,7
90,83,30
251,83,28
406,83,25
97,83,45
559,83,5
560,83,19
561,83,6
53,83,15
562,83,43
403,83,46
26,83,42
22,83,49
176,83,41
563,83,40
564,83,42
393,84,23
390,84,33
114,84,35
565,84,41
135,84,24
507,84,10
7,84,21
153,84,47
139,84,24
386,84,19
32,84,26
126,84,12
115,84,45
22,84,50
122,84,7
86,84,23
78,84,35
65,84,14
12,84,21
29,84,37
44,84,2
194,84,16
566,84,10
339,84,41
162,84,14
23,84,36
567,84,21
150,84,40
347,84,37
88,84,29
488,84,32
461,84,40
568,84,1
167,84,32
35,84,18
43,84,24
502,84,25
332,84,27
281,85,16
561,85,43
569,85,7
570,85,20
358,85,20
425,85,43
387,85,3
364,85,23
571,85,39
426,85,15
572,85,49
293,85,50
573,85,50
299,85,38
210,85,18
574,85,40
374,85,10
575,85,31
576,85,28
158,85,13
306,85,11
234,85,29
204,85,26
577,85,38
578,85,31
442,85,50
579,85,40
523,85,28
423,85,8
580,86,6
299,86,27
581,86,13
409,87,29
85,87,17
582,87,34
583,87,4
369,87,43
584,87,44
355,87,17
235,87,8
585,87,38
356,87,34
72,87,21
586,87,30
368,87,28
587,87,25
415,87,31
588,87,47
589,87,31
132,87,13
1,87,2
590,87,32
52,87,18
434,87,2
433,87,9
438,87,31
591,87,22
592,87,29
0,87,37
87,87,19
366,87,19
593,87,19
594,87,5
551,87,30
595,87,21
596,87,6
369,88,17
597,88,35
577,88,29
357,89,44
432,89,27
153,89,49
439,89,4
358,89,24
424,89,6
581,89,50
598,89,28
580,89,35
383,89,7
436,89,24
599,89,3
362,89,23
600,89,46
309,89,22
601,89,43
99,89,50
602,89,28
141,89,7
444,89,43
603,89,10
450,89,34
583,90,33
604,90,49
299,90,23
406,90,8
355,90,7
605,90,15
606,90,49
371,90,30
424,90,43
607,90,4
82,90,47
608,90,48
582,90,24
464,90,15
433,90,24
368,90,22
609,90,44
569,90,10
610,90,20
611,90,38
235,90,41
612,90,34
613,90,37
614,90,35
615,90,16
72,90,9
366,90,35
616,90,47
361,90,9
435,90,1
617,90,9
191,90,9
618,90,10
619,90,34
204,90,34
105,90,26
620,90,17
621,90,24
622,90,17
407,91,5
358,92,44
366,92,23
623,92,8
592,92,33
624,93,48
625,93,45
422,93,34
264,94,11
626,94,9
627,95,1
628,95,9
629,96,6
630,96,19
627,97,29
408,97,49
580,97,13
299,97,2
581,97,2
631,98,45
632,98,45
5,98,46
253,99,28
633,100,9
382,101,25
440,101,41
413,102,47
301,102,30
368,103,28
408,103,24
634,104,38
478,104,17
299,104,9
635,104,26
462,104,20
82,105,42
636,105,49
637,105,1
638,105,16
281,105,23
299,105,45
639,105,43
406,106,13
640,106,37
236,106,42
641,106,22
631,107,36
5,107,21
356,108,27
642,108,27
581,108,5
358,108,21
643,108,40
308,109,14
644,110,16
308,110,10
385,111,38
205,112,32
209,113,33
320,113,17
3,114,8
95,114,10
516,114,23
624,115,27
288,115,9
645,115,47
646,116,21
581,116,2
593,117,9
5,117,29
647,117,50
308,118,8
648,118,17
649,119,16
636,120,18
593,121,9
650,122,17
135,123,19
33,123,33
487,123,31
45,123,2
340,123,17
142,123,4
9,123,28
312,123,25
14,123,15
118,123,13
154,123,22
138,123,33
7,123,17
393,123,1
651,123,49
139,123,6
389,123,16
95,123,48
192,123,18
296,123,9
206,123,50
652,123,6
115,123,3
90,123,49
116,123,40
214,123,12
104,123,6
48,123,13
56,123,22
145,123,13
19,123,15
353,123,28
122,123,45
219,123,43
143,123,34
172,123,28
345,123,38
127,123,46
524,123,43
111,123,38
49,123,12
653,123,50
101,123,14
175,123,19
654,123,15
149,123,38
84,123,50
655,123,39
152,123,22
60,123,33
510,123,24
246,123,6
461,123,10
325,123,44
176,123,26
11,123,47
352,123,45
76,123,15
448,123,32
462,123,49
516,123,28
179,123,42
514,124,3
656,124,10
19,124,49
123,124,39
308,125,44
543,126,2
312,126,26
33,127,19
544,127,49
78,127,10
7,128,12
19,128,30
243,129,45
109,129,28
281,129,5
657,129,39
526,129,39
501,129,36
511,129,3
224,129,45
7,129,4
514,129,50
118,129,14
510,129,25
658,129,35
596,129,38
49,129,48
659,129,35
19,129,46
389,129,9
532,129,41
90,129,15
182,129,25
195,129,46
455,129,36
506,129,20
146,129,9
124,129,46
27,129,11
42,129,28
64,129,19
40,129,14
11,129,41
77,129,12
564,129,33
43,129,17
73,130,27
154,130,23
565,130,31
222,130,34
7,130,2
118,130,41
208,130,19
660,130,28
661,130,49
153,130,38
662,130,40
116,130,38
663,130,23
319,130,21
281,130,13
84,130,36
158,130,11
514,130,34
459,130,21
171,130,14
396,130,18
160,130,16
162,130,35
639,130,48
325,130,39
406,130,46
664,130,2
665,130,49
110,130,3
198,130,21
127,130,9
448,130,40
40,130,1
299,130,31
301,130,47
352,130,6
666,130,28
353,130,4
146,130,28
667,130,20
15,131,25
94,132,20
578,132,21
207,132,28
668,132,48
487,133,35
222,133,30
153,133,1
669,133,15
118,133,20
480,133,38
396,133,29
670,133,28
150,133,14
73,134,6
7,134,9
116,134,18
67,134,41
27,134,14
488,134,10
671,135,21
642,135,33
358,135,27
362,135,4
672,135,24
372,135,19
416,135,5
643,135,25
673,135,7
208,135,11
363,135,22
210,135,18
406,135,50
366,135,45
448,135,18
635,135,22
140,135,41
436,135,50
428,135,16
223,136,29
638,136,28
569,136,8
72,136,26
423,136,25
572,136,37
0,136,5
666,136,11
431,136,9
374,136,20
544,136,19
358,137,14
674,137,9
355,137,43
675,137,13
361,138,45
220,139,40
642,140,49
358,140,13
676,140,15
434,140,28
366,140,36
567,140,26
204,140,25
174,140,18
414,140,43
677,140,21
44,140,2
583,141,46
153,141,48
415,141,29
642,141,50
366,141,21
368,141,30
592,141,41
377,141,21
578,141,3
383,141,28
396,141,7
426,141,29
503,141,49
361,141,35
382,141,11
678,141,29
428,141,42
674,142,15
358,142,16
597,143,49
240,144,50
33,144,30
104,144,17
48,144,27
102,144,5
84,145,41
64,145,35
74,145,30
240,145,11
7,145,11
153,145,9
118,145,15
493,145,10
48,145,40
389,145,44
398,145,40
478,145,5
172,145,9
213,145,13
167,145,39
459,145,26
393,145,20
52,145,44
510,145,17
664,146,30
511,146,40
20,146,50
2,146,48
35,146,42
42,146,39
15,147,35
196,147,43
50,147,32
51,147,39
150,147,20
399,147,30
2,147,22
205,147,41
40,147,24
331,147,35
679,147,41
680,147,28
62,147,15
664,147,30
31,147,24
146,147,45
681,148,22
131,149,13
389,149,24
682,150,1
682,151,33
682,152,5
10,153,29
55,153,34
35,153,34
683,153,38
50,154,33
684,154,50
110,154,14
441,155,40
685,155,1
686,155,5
595,155,3
224,156,47
7,156,11
460,156,40
687,156,13
688,156,15
113,156,37
172,156,15
689,156,24
690,156,46
19,156,47
180,156,45
405,156,13
118,156,38
475,156,35
691,156,24
110,156,24
219,156,11
403,156,26
692,156,45
511,156,42
693,156,48
119,156,49
520,156,46
444,156,8
500,156,14
87,156,20
400,156,39
27,156,39
29,156,39
694,156,23
695,156,21
473,156,32
442,156,33
65,156,38
696,156,42
697,156,14
150,156,40
177,156,10
698,156,6
347,156,40
578,156,50
476,156,4
564,156,22
474,156,43
699,156,32
626,157,48
655,157,22
700,157,48
701,157,40
702,158,19
529,159,13
3,160,42
482,161,3
244,161,12
703,161,5
625,161,44
82,161,3
532,161,48
661,161,42
704,161,44
81,161,26
177,161,38
603,161,50
152,161,21
116,161,11
450,161,21
145,161,6
705,161,19
570,162,5
569,163,11
625,163,20
514,164,42
530,164,45
706,164,49
397,164,41
511,164,21
707,164,41
7,164,37
534,164,23
705,164,21
1,164,30
123,164,31
708,164,34
518,164,50
108,164,37
158,165,1
689,165,32
237,166,7
343,166,45
389,166,34
709,166,17
118,166,12
243,166,23
710,166,35
7,166,13
122,166,8
31,166,36
457,166,30
702,166,35
711,166,4
338,166,44
712,166,11
525,167,11
494,168,37
206,168,40
85,168,48
368,169,36
72,169,38
218,169,10
360,169,11
362,169,2
358,169,42
361,169,39
643,169,11
366,169,22
431,169,14
597,169,34
299,169,42
417,169,3
627,170,32
415,170,32
356,170,23
358,170,6
408,170,37
384,170,1
406,170,21
713,170,27
714,170,6
361,170,33
364,170,22
436,170,2
444,170,13
592,170,17
715,170,32
716,170,19
600,170,28
439,170,39
126,170,4
358,171,39
366,171,3
638,171,10
407,171,24
409,171,42
215,171,17
639,171,19
375,171,43
368,171,40
648,171,14
173,171,41
678,171,36
717,171,45
693,171,44
621,171,21
377,171,10
718,171,28
442,171,27
660,171,18
361,171,37
719,171,49
713,171,12
433,171,8
663,171,12
720,171,41
721,171,42
436,171,21
36,171,44
722,171,31
422,171,2
594,171,38
223,172,25
723,172,49
7,172,18
410,172,37
308,172,9
710,172,44
19,172,16
660,172,34
724,172,8
150,172,15
491,173,46
486,173,2
652,173,30
118,173,48
153,173,42
7,173,29
296,173,11
56,173,2
33,173,30
389,173,33
120,173,8
208,173,4
466,173,16
725,173,29
468,173,19
49,173,11
511,173,2
332,173,38
178,173,4
691,173,14
420,173,39
57,173,19
230,173,16
726,173,18
452,173,49
362,173,32
727,173,35
104,173,18
378,173,8
1,173,26
248,173,29
17,173,35
563,173,35
167,173,41
552,173,23
728,173,37
177,173,9
655,173,17
40,173,1
162,173,23
23,173,41
453,173,47
151,173,29
219,173,29
328,173,29
88,173,50
352,173,37
729,173,6
566,173,26
35,173,23
704,173,24
730,173,28
667,173,30
339,173,8
118,174,37
731,174,27
476,175,18
123,176,30
7,176,2
511,176,46
101,177,38
370,178,26
732,178,21
569,178,24
252,178,9
687,178,35
695,178,2
721,178,35
299,178,9
435,178,13
221,178,48
5,179,38
308,180,42
733,181,15
254,182,17
255,182,33
256,182,42
257,182,22
258,182,23
259,182,22
260,182,3
261,182,20
263,182,33
262,182,26
264,182,11
265,182,37
266,182,35
267,182,26
268,182,19
269,182,26
270,182,7
271,182,21
272,182,41
273,182,2
274,182,28
275,182,6
276,182,37
277,182,32
278,182,28
279,182,26
280,182,36
281,182,26
282,182,37
283,182,49
284,182,36
285,182,48
286,182,20
287,182,32
288,182,10
289,182,25
290,182,16
291,182,35
293,182,36
292,182,43
294,182,25
295,182,41
296,182,9
297,182,23
298,182,12
299,182,2
300,182,27
301,182,44
302,182,17
303,182,23
153,183,34
492,183,10
734,183,30
357,183,18
735,183,42
304,183,22
478,183,3
567,183,43
528,183,7
736,183,47
737,183,43
312,183,42
646,183,2
71,183,49
738,183,14
21,183,37
384,183,5
257,183,42
593,183,40
287,183,1
264,183,40
466,183,31
160,183,1
739,183,28
740,183,32
306,183,2
47,183,16
741,183,29
585,183,17
7,183,33
427,183,41
335,183,37
692,183,37
742,183,35
189,184,7
45,184,38
340,184,16
508,184,1
651,184,6
121,184,29
743,184,45
395,184,11
112,184,31
711,184,13
162,185,44
5,185,5
0,185,19
744,185,30
6,185,41
502,185,20
158,186,33
29,186,40
744,186,4
6,186,50
5,186,30
632,186,49
744,187,17
467,188,44
197,189,13
482,190,24
337,190,8
1,191,44
638,191,36
96,191,2
609,191,4
745,191,40
224,191,10
746,191,3
744,191,12
564,191,35
6,191,10
397,191,33
631,191,18
619,191,14
747,191,16
5,191,2
396,191,50
551,191,12
411,191,34
748,191,12
689,191,47
749,191,4
650,191,40
366,192,15
358,192,33
426,192,20
633,192,10
153,192,38
574,192,13
434,193,27
385,193,2
750,193,15
751,193,25
336,193,47
362,193,49
752,193,30
753,193,45
476,193,18
754,193,44
492,194,1
755,194,10
364,194,16
643,194,12
428,194,26
427,194,41
756,194,12
366,194,28
503,194,10
590,194,10
83,194,33
320,194,45
705,194,25
358,195,14
361,195,7
437,195,18
387,196,10
366,196,35
361,197,5
358,197,3
366,197,19
445,198,13
366,198,15
592,198,29
594,199,20
579,199,18
360,200,44
757,200,15
227,200,46
361,200,17
583,200,38
722,200,34
387,200,40
121,200,47
273,200,26
758,200,40
83,200,41
209,201,16
153,202,29
759,202,17
29,202,6
400,202,3
760,202,35
503,202,10
761,202,22
559,202,26
758,202,17
689,202,28
405,202,50
762,203,31
253,204,1
135,205,50
135,206,27
135,207,33
467,207,32
135,208,10
240,208,15
153,208,9
84,208,23
7,209,47
118,209,8
49,209,20
532,209,44
104,209,10
95,209,38
763,209,41
691,209,44
40,209,42
564,209,17
659,209,29
332,209,31
102,209,5
654,209,41
198,209,6
4,209,21
131,209,38
35,209,17
597,210,33
33,211,26
118,211,26
160,211,45
480,211,9
561,211,23
310,211,14
153,211,21
656,211,23
7,211,48
457,211,48
676,211,25
764,211,9
330,211,35
564,211,26
127,211,46
339,211,30
151,211,21
567,211,38
440,212,50
735,212,18
370,213,20
308,213,49
765,213,42
308,214,5
308,215,7
102,215,6
7,216,40
312,216,40
482,217,40
6,218,20
744,218,18
593,218,7
561,218,13
766,219,5
48,219,2
7,219,7
207,219,36
19,219,36
500,219,5
767,219,29
768,219,47
130,219,30
474,219,30
475,219,50
473,219,29
519,219,4
766,220,14
186,220,19
491,220,13
135,220,12
340,220,41
238,220,50
33,220,14
190,220,7
539,220,3
49,220,33
7,220,29
118,220,33
153,220,27
532,220,18
524,220,46
587,220,44
512,220,4
85,220,9
115,220,43
40,220,25
769,220,48
351,220,5
248,220,30
200,220,7
663,220,22
494,220,7
743,220,20
560,220,7
495,220,34
337,220,22
513,220,34
770,220,13
771,220,24
26,220,29
312,220,40
127,220,10
150,220,12
80,220,8
654,220,32
517,220,31
772,220,25
773,220,5
537,220,2
342,220,18
177,220,40
774,221,46
118,221,21
443,221,47
57,221,14
775,221,13
94,221,21
767,222,41
776,223,8
407,223,30
627,223,30
356,223,41
777,223,35
586,223,26
629,223,42
609,223,33
87,223,28
746,223,20
358,223,38
411,223,10
301,223,7
778,223,28
361,223,29
366,223,36
384,223,31
529,223,14
533,223,39
592,223,6
713,223,20
619,223,3
438,223,7
632,223,3
536,223,9
552,223,40
382,223,18
375,223,15
431,223,43
518,223,12
459,224,7
69,224,26
7,224,14
118,224,15
84,224,15
116,224,6
448,224,26
12,224,8
422,224,50
353,224,42
172,224,46
88,224,35
4,224,16
153,225,12
698,225,34
92,225,9
411,225,10
667,225,35
90,225,6
426,225,5
150,225,2
323,225,7
299,225,10
689,225,12
189,226,43
45,226,43
508,226,15
192,226,19
49,226,24
779,226,11
48,226,34
54,226,35
704,226,3
780,227,39
238,227,12
138,227,1
781,227,45
682,227,12
340,227,36
258,227,10
197,227,4
782,227,44
540,227,33
585,227,3
525,227,29
783,227,47
313,227,47
784,227,45
495,227,18
24,227,17
785,227,28
139,227,9
343,227,49
219,227,9
470,227,36
786,227,50
71,227,9
787,227,33
48,227,34
283,227,47
89,227,4
69,227,39
192,227,10
485,228,23
8,228,25
788,228,7
49,228,25
90,228,18
161,228,20
541,228,19
489,228,32
318,228,37
352,228,47
399,228,39
477,228,1
517,228,44
681,228,26
465,228,22
159,228,20
566,229,33
49,229,27
538,229,32
510,230,20
73,230,24
137,230,47
389,230,39
789,230,39
92,230,14
118,230,39
359,230,5
67,230,34
229,230,29
47,230,46
120,230,16
517,230,3
512,230,8
530,230,24
105,230,36
353,230,1
51,230,38
323,230,32
469,230,4
401,230,31
73,231,35
460,231,25
153,232,50
1,232,39
669,232,30
416,232,39
17,232,2
697,232,16
633,232,24
790,233,49
733,233,21
365,234,8
670,234,11
791,234,19
158,234,42
151,234,30
194,235,10
391,235,29
7,236,41
191,236,3
28,236,24
537,236,39
44,236,20
31,236,22
242,237,17
33,237,15
392,237,46
139,237,16
510,237,26
506,237,31
543,237,8
85,237,13
493,237,48
240,237,50
245,237,26
56,237,46
104,237,25
763,237,1
525,237,14
451,237,50
457,237,46
393,237,2
64,237,3
386,237,3
130,237,46
7,237,8
250,237,27
102,237,47
338,237,16
544,237,15
352,237,19
373,238,5
48,238,49
502,238,23
62,238,33
792,238,23
455,238,30
230,238,48
94,238,26
122,239,26
42,240,19
15,241,35
153,241,27
499,241,21
51,241,3
32,242,41
13,243,6
69,243,48
7,243,30
394,243,35
49,243,33
556,243,6
549,243,41
793,243,4
21,243,32
12,243,27
348,243,9
170,243,19
90,243,38
91,243,33
172,243,34
391,243,6
794,243,37
325,243,30
396,243,47
754,243,11
157,243,4
31,243,29
594,243,19
795,243,49
477,243,9
35,243,41
250,243,14
515,243,46
728,243,29
667,243,3
131,243,25
323,243,50
247,243,35
44,243,6
450,243,41
354,243,25
95,244,1
136,244,10
66,244,4
14,244,21
68,244,1
7,244,6
9,244,49
1,244,22
23,244,30
83,244,46
205,244,16
131,244,2
166,244,41
12,244,31
3,244,12
730,244,21
725,244,14
566,244,24
61,245,11
49,246,19
149,246,33
69,246,50
109,246,30
95,246,13
33,246,22
501,246,35
118,246,11
23,246,14
7,246,48
587,246,2
116,246,18
79,246,24
551,246,7
101,246,35
723,246,12
659,246,14
188,246,7
117,246,29
156,246,35
1,246,36
628,246,36
739,246,40
534,246,13
144,246,20
97,246,50
331,246,8
53,246,10
110,246,6
764,246,8
52,246,42
51,246,4
545,246,14
193,246,31
449,246,30
128,246,18
516,246,48
468,246,18
16,246,25
134,246,8
133,246,14
174,246,27
316,246,29
526,246,44
148,246,16
178,247,48
46,248,1
496,248,44
117,248,12
17,248,46
681,248,13
94,248,48
40,248,13
196,248,46
541,248,6
559,248,19
42,248,26
477,248,1
110,248,21
37,248,17
679,248,15
51,249,30
63,250,42
106,250,47
59,250,47
63,251,44
106,251,6
59,251,46
8,252,26
774,253,43
485,254,7
684,254,7
51,254,32
464,255,8
79,256,36
342,257,32
79,257,44
90,257,44
510,257,14
165,257,31
557,257,2
73,257,27
127,257,48
67,257,19
47,257,47
511,258,28
319,259,49
514,259,15
147,259,37
1,259,29
19,259,23
625,259,10
41,259,9
222,260,39
107,260,28
389,260,28
231,260,17
11,260,2
299,260,25
1,261,39
514,261,49
336,261,25
123,261,42
19,261,40
482,262,7
704,262,2
486,263,19
139,263,43
652,263,19
33,263,37
250,263,33
38,263,17
237,264,18
139,264,12
312,264,7
250,264,41
344,264,18
532,264,6
537,264,46
7,265,10
111,265,27
250,265,12
151,265,26
796,266,11
200,267,10
202,267,4
311,267,26
464,267,50
163,267,26
789,267,27
124,267,18
514,267,19
790,267,17
296,267,14
558,267,31
121,267,23
116,267,50
207,267,25
122,267,44
797,267,47
501,267,42
51,267,23
119,267,2
144,267,14
681,267,36
7,267,8
229,267,48
687,267,44
90,267,31
594,267,47
178,267,41
764,267,46
19,267,48
39,267,2
40,267,20
399,267,9
730,267,14
477,267,15
416,267,15
319,267,28
374,268,12
356,268,1
406,268,7
357,268,2
371,268,6
153,268,31
678,268,10
407,268,8
365,268,8
379,268,31
359,268,28
227,268,20
424,268,30
432,268,23
778,268,35
798,268,37
662,268,16
608,268,8
799,268,45
360,268,6
358,268,32
714,268,49
71,268,31
233,268,7
384,268,32
552,268,7
83,268,47
615,268,45
798,269,2
450,269,31
35,270,35
784,271,2
658,271,31
800,271,12
185,271,41
801,271,9
541,271,15
128,271,4
786,271,9
48,271,25
802,271,41
511,271,35
741,271,25
157,271,8
803,271,27
540,271,46
303,271,22
335,271,12
55,271,24
804,271,13
362,272,41
358,272,11
805,272,15
356,272,33
638,272,11
72,272,12
408,272,16
407,272,5
413,272,19
629,272,1
227,272,44
608,272,44
366,272,10
361,272,35
216,272,25
368,272,13
806,272,26
796,272,48
721,272,6
436,272,15
713,272,29
807,272,10
677,272,6
363,272,46
418,272,43
375,272,31
448,272,1
808,272,42
299,272,12
437,272,1
590,272,43
44,272,45
636,272,33
680,272,33
630,272,1
431,272,44
307,272,12
581,272,5
580,272,13
423,272,44
357,273,23
371,273,26
407,273,30
757,273,25
368,273,38
692,273,1
356,273,14
669,273,9
436,273,44
385,273,28
97,273,42
414,273,49
309,273,26
396,273,35
336,273,31
375,273,35
226,273,2
147,273,14
361,273,10
704,273,22
368,274,50
433,274,12
377,274,7
382,274,22
254,275,10
255,275,6
256,275,18
257,275,22
258,275,35
259,275,24
260,275,16
261,275,32
809,275,20
262,275,38
263,275,24
264,275,22
265,275,33
266,275,29
267,275,4
268,275,22
269,275,24
270,275,31
271,275,31
741,275,24
272,275,49
273,275,12
274,275,8
275,275,26
276,275,22
277,275,49
278,275,50
279,275,22
280,275,41
281,275,34
282,275,27
294,275,10
283,275,16
284,275,40
285,275,47
286,275,10
287,275,2
289,275,8
288,275,16
290,275,37
291,275,17
810,275,25
184,275,50
293,275,39
292,275,23
583,276,2
492,276,33
638,276,33
87,276,9
314,276,6
714,276,13
802,276,39
522,276,27
244,276,23
811,276,27
159,276,8
712,276,33
484,276,30
713,276,8
624,276,42
812,276,46
366,276,31
335,276,36
406,276,10
454,276,4
518,276,25
559,276,19
370,276,36
193,277,43
357,277,21
798,277,13
358,277,46
813,277,12
814,277,9
815,277,39
97,277,47
444,277,41
816,277,28
817,277,28
252,277,25
414,277,3
231,277,27
153,278,40
627,279,30
432,279,46
360,279,8
818,279,2
368,279,36
362,279,26
436,279,21
382,279,3
235,279,1
358,279,4
87,279,3
417,279,6
819,280,49
281,280,20
171,280,13
658,280,1
639,280,19
661,280,21
406,280,42
121,280,48
757,281,16
455,281,28
627,282,17
360,282,45
368,282,33
678,282,27
409,282,19
586,282,12
714,282,8
384,282,46
589,282,3
382,282,12
436,282,31
719,282,12
358,282,29
529,282,10
417,282,21
232,282,10
820,282,32
619,282,40
577,282,35
821,282,2
440,282,13
739,283,27
790,284,42
501,284,24
664,284,33
311,284,49
789,284,37
358,285,46
361,285,17
437,285,29
10,286,49
135,286,49
389,286,30
240,286,33
118,286,2
172,286,25
170,286,28
500,286,38
75,286,15
299,286,20
77,286,25
520,286,23
459,286,16
603,286,47
331,286,1
316,286,16
146,286,38
35,286,50
240,287,22
192,287,5
784,287,1
348,287,44
788,288,23
67,288,24
73,288,22
201,289,18
201,290,34
316,290,1
684,291,28
691,292,16
78,292,21
1,292,40
301,292,25
173,292,27
416,292,15
822,293,28
823,293,44
168,293,19
824,293,17
825,294,8
157,295,44
128,295,50
403,295,6
5,295,14
826,295,1
514,296,29
679,296,44
190,297,31
312,297,5
345,297,41
237,298,46
136,298,49
49,298,38
135,298,11
186,298,43
827,298,9
485,298,50
45,298,34
828,298,18
340,298,39
494,298,12
539,298,28
139,298,28
122,298,16
243,298,5
452,298,28
238,298,10
829,298,20
540,298,47
521,298,7
787,298,25
101,298,5
239,298,19
118,298,29
800,298,38
91,298,19
153,298,35
341,298,6
33,298,23
66,298,47
486,298,28
241,298,47
525,298,37
111,298,34
242,298,35
240,298,2
244,298,40
137,298,13
394,298,43
73,298,7
245,298,40
9,298,7
399,298,24
7,298,38
67,298,26
47,298,1
95,298,26
19,298,31
23,298,1
830,298,15
45,299,22
486,299,10
243,299,47
485,299,47
142,299,39
16,299,22
14,299,25
7,299,4
33,299,5
239,299,32
69,299,48
49,299,2
245,299,36
248,299,22
9,299,26
395,299,21
67,299,4
151,299,14
338,299,19
828,300,13
137,300,19
390,300,44
507,300,9
33,300,25
139,300,5
831,300,4
14,300,48
114,300,14
189,300,20
69,300,10
16,300,31
651,300,50
7,300,10
342,300,29
13,300,23
77,300,9
95,300,19
71,300,1
48,300,39
491,300,18
118,300,5
89,300,24
447,300,35
312,300,49
92,300,12
773,300,33
162,300,9
58,300,46
19,300,41
97,300,43
51,300,13
229,300,1
115,300,29
224,300,23
352,300,14
157,300,26
659,300,23
122,300,45
73,300,3
84,300,19
654,300,46
67,300,27
53,300,32
142,300,2
460,300,49
655,300,4
23,300,18
172,300,28
251,300,43
830,300,23
354,300,49
403,300,23
52,300,43
481,300,1
664,300,44
832,300,43
61,300,1
559,300,6
264,300,18
348,300,1
520,300,32
8,301,33
240,301,38
389,301,32
90,301,13
219,301,30
399,301,25
251,301,3
100,302,8
8,303,38
15,303,25
38,303,46
135,304,15
142,304,44
49,304,49
507,304,6
539,304,29
45,304,7
114,304,36
189,304,23
33,304,39
73,304,44
186,304,37
16,304,36
509,304,21
84,304,42
214,304,41
250,304,43
95,304,27
14,304,21
325,304,30
172,304,23
126,304,37
240,305,37
70,306,14
240,306,48
153,306,38
7,306,35
95,306,22
85,306,21
501,306,43
343,306,2
92,306,6
539,306,45
224,306,35
157,306,21
116,306,15
312,306,44
56,306,13
731,306,36
73,306,34
90,306,22
553,306,1
161,306,31
97,306,25
662,306,17
48,306,7
122,306,26
726,306,21
26,306,22
101,306,25
833,306,40
703,306,17
162,306,43
834,306,3
547,306,1
38,306,21
448,306,28
30,306,31
399,306,42
594,306,22
113,306,19
251,306,22
121,306,40
655,306,5
98,306,25
353,306,24
178,306,24
391,306,29
5,307,1
744,307,5
128,308,17
781,309,20
351,309,13
689,310,32
82,311,48
835,311,10
358,312,22
721,312,3
237,313,31
312,313,30
242,313,44
240,313,45
139,313,40
33,313,41
525,313,3
115,313,40
118,313,5
172,313,8
248,313,21
80,313,11
7,313,4
48,313,16
564,313,39
766,314,31
33,314,12
238,314,49
9,314,28
554,314,45
7,314,29
139,314,39
49,314,32
115,314,12
23,314,12
420,314,21
155,314,25
118,314,6
790,314,38
318,314,22
40,314,47
524,314,40
398,314,6
349,314,39
130,314,42
836,314,3
351,314,48
837,314,41
48,314,9
763,314,29
248,314,7
11,314,4
838,314,27
59,314,14
56,314,8
142,315,29
8,315,49
312,315,33
33,315,4
342,315,46
831,315,8
554,315,39
68,315,44
496,315,26
19,315,21
118,315,48
187,315,7
139,315,39
193,315,40
49,315,48
691,315,8
90,315,28
23,315,14
839,315,46
389,315,39
318,315,21
840,315,5
48,315,23
7,315,22
160,315,37
596,315,33
651,315,40
95,315,34
474,315,32
239,315,15
841,315,28
244,315,50
163,315,35
172,315,12
209,315,38
488,315,1
131,315,30
842,315,19
247,315,42
569,315,10
54,315,11
553,315,34
72,315,46
654,315,31
182,315,16
473,315,36
56,315,17
516,315,39
174,315,24
347,315,7
843,315,8
475,315,11
481,315,42
564,315,43
788,315,14
151,315,40
844,315,44
845,315,35
633,315,40
219,315,38
540,316,12
60,316,39
206,316,29
754,316,39
178,316,47
553,316,50
352,316,49
753,316,46
7,317,41
511,317,35
123,317,44
469,317,21
33,318,46
480,318,2
801,318,32
347,318,25
153,318,42
569,318,14
522,318,29
207,318,26
846,318,40
847,318,1
90,318,27
564,318,15
511,318,32
523,318,41
727,318,4
711,318,41
7,319,21
113,319,28
744,319,34
204,319,26
142,320,18
342,320,48
524,320,26
139,320,17
48,320,32
352,320,47
652,320,48
827,321,24
312,321,22
135,321,27
848,321,3
496,321,7
159,321,36
849,321,14
839,321,7
850,321,38
851,322,40
342,323,43
852,323,23
853,323,35
287,323,11
163,323,18
616,323,23
216,323,29
39,323,41
317,323,46
854,323,9
228,323,29
668,323,50
851,323,5
855,323,20
330,323,33
856,323,18
857,323,22
858,323,11
859,323,21
846,323,41
688,323,33
599,323,22
860,323,3
701,323,15
861,323,12
57,323,19
727,323,16
862,323,26
343,324,10
118,324,17
840,324,13
863,324,42
98,324,40
419,324,27
81,324,23
526,324,20
864,324,50
865,324,5
866,324,9
867,324,6
547,324,10
155,324,14
30,324,45
868,324,28
657,324,38
556,324,45
823,324,15
46,324,46
869,324,9
287,324,12
91,324,38
658,324,41
420,324,41
840,325,42
153,325,6
870,325,22
287,325,47
385,325,38
657,325,39
858,325,11
871,325,17
582,325,30
872,325,30
864,325,44
71,325,10
566,325,35
350,325,30
745,325,23
756,325,50
163,325,9
860,325,35
0,325,29
873,325,41
616,325,22
772,325,14
711,325,24
336,325,23
694,325,22
529,325,40
874,325,17
854,325,8
688,325,46
446,325,34
859,325,7
658,325,39
851,325,8
86,325,17
875,325,48
224,325,28
112,325,20
236,325,7
862,325,47
180,325,19
99,325,37
876,325,8
399,325,28
736,325,50
121,325,44
324,325,49
852,326,10
870,326,9
499,326,44
212,326,20
840,326,12
605,326,41
357,326,46
153,326,5
226,326,28
7,326,14
163,326,15
877,326,46
742,326,40
419,326,14
799,326,15
200,326,3
546,326,11
32,326,20
402,326,47
878,326,39
94,326,2
121,326,12
879,326,27
880,326,17
657,326,30
480,326,35
881,326,24
30,326,24
347,326,28
882,326,11
854,326,39
864,326,31
883,326,23
112,326,46
87,326,29
39,326,14
511,326,15
122,326,39
162,326,3
884,326,40
785,326,27
860,326,9
885,326,42
184,326,40
350,326,28
385,326,40
697,326,14
157,326,44
178,326,45
616,327,16
657,327,42
886,327,23
887,327,31
888,327,45
36,327,45
775,327,44
19,327,26
153,327,46
71,327,14
410,327,39
889,327,39
692,327,39
619,327,9
890,327,49
97,327,18
477,327,13
399,327,35
722,327,39
223,327,50
326,327,42
891,327,31
660,327,28
621,327,7
204,327,26
299,327,20
442,327,20
618,327,11
797,327,17
892,327,50
215,327,50
870,328,7
616,328,23
589,328,41
224,328,29
876,328,44
698,328,48
696,328,46
882,328,14
411,328,17
91,328,50
178,328,1
486,329,5
511,329,9
840,329,47
616,329,2
7,329,44
864,329,34
882,329,37
60,329,35
628,329,2
230,329,50
833,329,23
19,329,16
219,329,5
888,329,44
123,329,5
690,329,5
40,329,45
127,329,24
150,329,15
41,329,49
687,329,5
224,329,25
503,329,17
478,329,34
893,329,37
463,329,21
559,329,9
696,329,48
823,330,32
601,330,4
894,330,49
895,330,8
834,330,27
825,330,39
599,330,10
76,330,27
896,330,47
897,330,12
762,330,42
864,331,4
882,331,5
616,331,26
692,331,29
697,331,3
853,331,26
743,331,23
898,331,23
71,331,9
776,331,5
836,331,31
754,331,30
153,331,27
815,331,19
752,331,34
899,331,19
43,331,27
399,331,4
594,331,36
900,331,26
177,331,45
753,331,45
840,332,46
342,332,26
287,332,18
311,332,6
46,332,46
657,332,3
19,332,28
901,332,15
163,332,50
86,332,11
879,332,39
599,332,50
153,332,15
216,332,31
853,332,43
902,332,12
903,332,11
393,332,39
302,332,47
419,332,5
616,332,48
904,332,46
846,332,8
503,332,23
178,332,33
905,332,13
398,332,23
797,332,43
906,332,37
907,332,26
695,332,14
184,332,12
875,332,24
908,332,34
546,332,42
909,332,50
71,332,48
910,332,21
169,332,30
318,332,24
666,332,30
911,332,34
772,332,6
860,332,32
878,332,35
736,333,16
153,333,38
116,333,36
66,333,43
546,333,16
99,333,37
655,333,15
853,333,14
86,333,33
876,333,18
448,333,32
404,333,2
151,333,7
594,333,25
478,334,33
473,335,17
475,335,15
558,336,19
96,336,8
72,337,29
627,338,40
356,338,41
402,338,32
361,338,21
358,339,38
360,339,13
436,339,24
368,339,33
912,339,26
209,339,4
561,339,43
828,340,24
528,340,16
556,340,43
397,340,27
525,340,18
33,340,12
913,340,21
340,340,50
783,340,30
139,340,32
240,340,44
914,340,6
312,340,4
532,340,36
209,340,8
915,340,21
441,340,40
172,340,41
100,340,9
504,340,17
916,340,31
472,340,45
248,340,5
917,340,29
486,341,3
45,341,27
493,341,45
135,341,38
540,341,36
787,341,26
185,341,5
918,341,42
342,341,38
139,341,23
555,341,48
653,341,26
919,341,19
386,341,7
145,341,21
318,341,46
471,341,22
567,341,48
101,341,3
541,341,14
34,341,23
153,341,7
7,341,6
920,341,25
465,341,39
178,341,9
753,341,40
843,341,41
175,341,27
460,341,13
738,341,33
763,341,11
56,341,29
730,341,18
921,341,1
754,341,38
752,341,31
347,341,26
488,341,46
345,341,36
601,341,44
704,341,32
250,341,24
152,341,7
790,342,37
7,342,1
90,342,1
68,342,10
139,342,6
312,342,27
85,342,12
95,342,17
40,342,5
512,342,47
517,342,3
501,342,25
121,342,10
553,342,25
548,342,18
352,342,30
922,342,18
8,343,25
209,344,9
231,344,15
650,344,50
422,344,2
923,344,24
133,344,43
186,345,12
74,345,27
392,345,17
340,345,43
540,345,39
790,345,18
139,345,39
346,345,35
143,345,28
248,345,29
924,345,20
219,345,16
104,345,50
717,345,22
925,345,13
926,345,27
927,346,29
3,346,36
706,346,13
624,346,14
928,346,32
347,346,10
112,346,24
756,346,48
121,346,9
715,346,46
630,346,42
735,346,46
319,346,36
153,346,31
740,346,30
803,346,16
633,346,8
929,346,29
299,347,20
371,347,12
581,347,48
486,347,44
298,347,16
670,347,33
370,347,18
929,347,39
288,347,50
384,347,41
580,347,31
366,347,50
930,347,40
220,347,10
931,347,34
448,347,43
735,347,38
357,347,25
767,347,13
932,347,39
216,347,48
630,347,30
738,347,8
676,347,4
662,347,26
710,347,27
715,347,48
172,347,5
799,347,31
87,348,47
358,348,3
805,348,11
366,348,41
363,348,12
361,348,36
738,348,20
458,348,25
377,348,49
301,348,19
173,348,26
382,348,14
233,348,21
581,348,43
590,348,7
582,349,9
160,349,42
704,349,37
728,349,26
596,350,50
715,350,45
19,350,36
307,350,17
803,351,50
45,352,10
787,352,14
33,352,45
188,352,14
553,352,45
54,352,45
395,352,10
271,353,6
101,353,10
109,353,19
118,353,20
7,353,42
90,353,1
339,353,37
564,353,29
507,354,49
45,354,45
189,354,36
142,354,20
651,354,31
49,354,12
396,354,47
731,354,38
348,354,14
544,354,39
7,355,6
933,355,20
736,355,29
934,355,19
98,355,15
627,356,3
415,356,7
780,357,1
87,357,21
336,357,19
930,357,8
888,357,6
542,357,22
515,357,41
281,357,15
153,357,35
192,357,9
613,357,44
223,357,27
906,357,10
232,357,6
318,357,16
19,357,10
566,357,10
935,357,3
173,357,24
936,357,36
937,357,7
779,357,9
171,357,39
438,357,39
145,357,21
414,357,38
71,357,11
938,357,19
675,357,33
842,357,18
916,357,1
939,358,6
940,358,15
941,358,6
888,358,27
85,358,20
515,358,19
211,358,11
870,358,50
161,358,15
7,358,22
566,358,13
419,358,37
87,358,26
916,358,1
31,358,4
23,358,31
702,358,28
120,358,23
27,358,47
609,358,16
746,358,46
153,358,22
446,358,43
920,358,10
881,358,15
336,358,41
799,358,42
730,358,11
942,358,31
299,358,22
147,358,19
943,358,4
132,358,12
944,358,17
883,359,38
595,360,17
945,361,42
946,361,10
514,362,36
123,363,41
680,363,1
807,363,36
490,364,5
394,364,46
778,364,46
901,364,30
532,364,31
511,364,22
947,364,1
412,364,40
948,364,24
99,364,15
628,364,25
123,364,32
807,364,47
680,364,29
718,364,40
488,364,26
916,364,4
949,365,19
71,366,15
287,366,23
123,367,45
774,368,47
153,368,34
824,369,2
762,369,18
946,370,1
870,371,28
71,371,47
19,372,9
308,373,39
950,374,39
52,374,17
869,374,18
872,374,35
197,374,9
174,374,24
709,374,32
556,374,8
873,374,14
616,374,33
902,374,50
745,374,24
686,374,49
535,374,17
71,374,26
524,374,25
951,374,41
952,375,28
953,375,43
932,375,34
795,375,18
310,375,35
954,375,3
172,375,8
536,375,23
200,375,23
451,375,27
153,375,30
857,375,29
122,375,25
955,375,16
535,375,50
85,375,20
934,375,30
121,375,16
246,375,4
174,375,21
735,375,39
956,375,36
538,375,38
500,375,43
861,375,31
547,375,32
892,375,38
906,375,29
347,375,13
957,375,20
877,375,8
7,375,48
958,376,29
863,376,21
3,376,13
780,376,40
394,376,41
920,376,11
857,376,21
944,376,14
959,376,5
921,376,25
174,376,2
165,376,50
734,376,41
584,376,28
287,376,6
902,376,38
153,376,7
960,376,26
934,376,19
490,377,13
828,377,46
299,377,41
406,377,20
961,377,20
962,377,9
135,377,11
194,377,49
867,377,47
451,377,37
720,377,49
495,377,37
963,377,25
550,377,27
209,377,28
193,377,28
33,377,33
767,377,4
470,377,8
964,377,5
884,377,45
856,377,42
923,377,50
313,377,33
965,377,27
715,377,19
966,377,40
569,377,36
967,378,5
968,379,40
967,379,11
451,380,43
312,380,13
870,381,48
967,382,9
969,382,1
970,383,48
971,383,28
792,383,47
458,383,9
892,383,36
799,383,41
410,383,2
337,383,6
26,383,37
885,383,8
367,383,22
538,383,2
972,383,5
529,383,24
236,383,48
674,384,32
358,384,41
382,384,5
592,384,50
361,384,49
627,385,19
383,385,17
358,385,46
361,385,40
366,386,50
357,387,3
734,387,28
662,387,45
0,387,12
160,387,8
648,387,21
212,387,15
675,387,50
570,387,23
966,387,3
582,387,32
380,387,12
550,387,16
557,387,44
647,387,8
545,387,41
119,387,13
475,387,8
569,387,21
593,387,25
636,387,7
973,387,48
974,387,11
777,387,21
721,387,21
30,387,19
739,387,15
735,387,20
748,387,37
975,387,25
105,387,41
116,387,30
814,387,14
547,387,9
645,387,37
83,387,41
476,387,25
473,387,39
474,387,6
223,387,20
976,387,5
571,387,19
376,387,8
133,387,8
603,387,8
409,388,48
387,388,43
51,388,32
358,388,21
977,389,47
340,389,39
929,389,5
497,389,28
639,389,39
920,389,27
582,389,31
747,389,36
257,389,7
978,389,42
979,389,29
598,389,9
569,389,17
619,389,30
963,389,12
264,389,12
588,389,12
373,389,8
254,390,40
255,390,33
256,390,34
257,390,33
258,390,38
259,390,40
260,390,11
261,390,37
262,390,3
263,390,10
264,390,12
265,390,33
266,390,25
267,390,4
268,390,40
269,390,3
270,390,22
271,390,40
272,390,46
273,390,26
274,390,46
275,390,15
276,390,50
277,390,6
278,390,24
279,390,7
280,390,40
281,390,12
282,390,2
283,390,30
284,390,15
285,390,25
286,390,38
287,390,8
289,390,38
288,390,33
290,390,36
291,390,28
293,390,25
292,390,12
294,390,26
295,390,25
296,390,22
297,390,28
298,390,16
299,390,5
300,390,5
301,390,19
302,390,31
303,390,8
82,391,42
744,392,3
6,392,11
582,392,17
593,392,34
976,392,45
259,393,19
980,393,38
634,393,6
722,393,17
281,393,4
981,393,15
810,393,36
741,393,48
963,393,19
982,393,8
304,393,5
442,393,31
835,393,47
983,393,14
153,394,5
224,394,18
581,395,15
90,396,25
934,397,4
367,398,4
708,398,49
561,398,47
984,398,35
985,398,49
35,398,35
80,398,37
986,398,12
99,398,26
780,399,22
782,399,40
781,399,29
381,399,42
347,399,31
87,399,13
163,399,18
828,399,26
987,399,20
988,399,12
989,399,11
521,399,16
458,399,37
320,399,2
223,399,6
712,399,9
613,399,37
418,399,25
48,399,23
990,399,5
991,399,44
365,399,24
949,399,2
529,399,27
93,399,46
641,399,41
36,399,20
400,399,10
934,399,27
478,399,14
992,399,29
878,399,32
21,399,27
993,399,48
299,399,37
412,399,8
99,399,28
994,399,31
237,400,23
555,400,47
33,400,14
464,400,19
239,400,36
929,400,3
122,400,13
460,400,31
305,401,36
563,401,44
612,401,41
95,401,19
995,401,35
450,401,43
768,402,5
464,403,49
7,403,50
19,403,21
532,403,33
627,404,18
674,405,3
6,406,24
555,406,48
932,406,23
634,406,8
996,406,32
640,406,22
997,406,2
994,406,24
257,406,34
885,406,17
901,406,17
998,406,20
582,406,33
999,406,43
976,406,33
7,406,29
209,406,34
1000,406,20
1001,406,19
914,406,28
645,406,45
1002,406,3
1003,406,48
641,406,19
1004,406,42
1005,406,44
593,406,21
744,406,17
740,406,42
281,406,3
1006,406,41
90,406,3
623,406,44
473,406,20
1007,406,11
299,406,40
1008,406,44
620,406,23
1009,406,7
1009,407,20
835,407,6
663,407,16
82,407,17
775,407,15
97,407,22
140,407,43
223,408,29
210,408,2
204,408,35
867,408,5
807,408,37
575,408,15
1010,408,22
680,408,50
504,408,25
520,408,6
122,408,46
1011,408,30
422,408,23
984,408,41
281,408,7
467,408,44
949,408,15
299,408,28
101,408,11
185,408,34
623,408,44
1012,408,46
1013,408,1
515,408,42
517,408,42
512,408,5
771,408,41
450,408,25
737,409,50
302,409,10
297,409,33
1014,409,44
191,409,26
706,409,5
735,409,23
569,409,43
1015,409,17
941,409,37
357,409,12
1016,409,43
420,409,1
575,409,3
1017,409,15
848,409,37
364,409,35
989,409,41
582,409,10
522,409,28
116,409,36
979,409,7
1002,409,22
961,409,30
866,409,48
836,409,13
1018,409,36
581,409,38
815,409,36
572,409,7
939,409,34
299,409,49
82,409,31
410,409,38
218,409,5
1019,409,40
802,409,7
1020,409,4
1021,410,18
791,410,34
305,410,33
326,410,12
1012,410,9
1017,410,23
1022,410,45
813,410,39
993,410,30
1023,410,11
890,410,26
732,410,36
835,410,1
96,410,18
275,410,33
841,410,2
439,410,2
1024,410,40
1025,410,42
735,410,37
673,410,30
581,410,11
450,410,32
44,410,27
1026,410,5
641,411,29
221,411,13
299,412,6
204,412,40
573,412,44
992,412,4
1023,413,16
579,414,25
1027,415,11
569,415,3
865,415,33
1028,415,4
482,416,14
1029,417,17
569,417,41
281,417,10
990,417,39
244,417,29
450,417,20
299,417,16
281,418,33
614,418,16
671,419,6
962,419,25
867,419,24
299,419,24
264,419,42
1030,419,40
800,419,49
111,419,50
887,419,24
1031,419,28
312,419,3
225,419,44
536,419,1
425,419,11
709,419,29
635,419,27
324,419,35
576,419,5
806,419,6
671,420,17
962,420,22
867,420,13
264,420,18
1030,420,22
887,420,47
299,420,37
1031,420,1
536,420,21
635,420,42
324,420,50
806,420,1
946,421,49
579,422,9
155,423,20
834,423,8
348,423,21
293,424,35
760,424,12
671,425,37
341,425,38
892,425,16
979,425,18
1015,425,49
701,425,33
1032,425,4
575,425,49
1033,425,34
248,425,1
529,425,29
355,425,17
139,425,11
1034,425,7
1021,425,49
693,425,28
319,425,44
817,425,17
525,425,24
569,425,43
985,425,45
264,425,11
386,425,22
178,425,48
810,425,3
949,425,42
626,425,26
715,425,38
1035,425,40
385,425,39
379,425,13
404,425,30
1036,425,8
700,425,44
1037,425,50
671,426,5
410,426,12
1017,426,29
593,426,17
759,426,17
299,426,27
995,427,36
299,428,26
281,428,18
223,428,39
1038,428,12
617,428,9
1039,428,12
381,428,31
634,428,47
347,428,41
622,428,9
889,428,45
210,428,47
836,428,36
1040,428,10
1001,428,37
425,428,31
765,428,27
153,428,4
626,428,49
980,428,36
1041,428,4
1030,428,16
1000,428,25
963,428,38
1042,428,44
572,428,26
204,428,36
662,428,27
1043,428,26
720,428,6
209,428,19
236,428,2
650,428,47
669,428,34
442,428,42
610,428,44
1044,428,43
118,428,44
227,428,30
334,428,47
532,428,35
647,428,26
792,428,29
1045,428,42
580,428,35
1010,428,49
814,428,24
293,428,13
1046,428,1
99,428,25
456,428,10
883,428,25
701,428,8
374,428,38
715,428,21
204,429,18
142,429,13
1032,429,47
122,429,25
802,429,33
121,429,48
988,429,19
617,429,29
1047,429,26
949,429,41
125,429,50
162,429,28
551,429,48
99,429,6
883,429,33
833,429,13
181,429,12
679,429,3
1048,429,33
804,429,41
55,429,23
780,430,48
799,430,45
357,430,25
777,430,16
651,430,37
1049,430,42
318,430,29
281,430,45
49,430,31
90,430,21
447,430,11
273,430,12
814,430,20
1050,430,21
333,430,44
7,430,29
938,430,39
87,430,28
645,430,33
711,430,24
818,430,27
569,430,4
973,430,37
380,430,40
27,430,20
770,430,3
995,430,28
220,430,42
615,430,44
976,430,44
1051,430,30
1052,430,19
458,430,9
815,430,41
554,431,31
1053,431,33
831,431,37
365,431,23
293,431,11
118,431,5
565,431,36
1034,431,42
604,431,39
836,431,26
121,431,14
218,431,33
990,431,16
1054,431,44
1055,431,31
723,431,47
569,431,5
1056,431,18
1057,431,34
601,431,16
881,431,36
115,431,9
1058,431,44
1059,431,47
262,431,49
1029,431,15
931,431,47
1060,431,31
96,431,5
1061,431,25
866,431,3
571,431,12
914,431,23
153,431,42
1062,431,48
514,431,28
322,431,15
1035,431,47
949,431,11
464,431,8
921,431,11
7,432,31
867,432,45
299,432,39
626,432,31
624,432,17
625,432,21
1021,432,44
1008,433,4
575,433,5
1063,433,37
867,433,8
1056,433,29
844,433,48
1064,433,3
299,433,4
209,433,18
305,433,3
601,433,28
1005,433,31
1065,433,47
672,433,5
891,433,47
1062,433,41
827,434,47
944,434,21
1066,434,36
212,434,4
878,434,4
244,434,24
620,434,2
288,434,25
641,434,19
57,434,47
815,434,49
1015,434,16
410,434,32
735,434,40
334,434,32
1039,435,27
163,435,49
881,435,33
605,435,12
546,435,30
946,435,10
949,435,44
500,435,11
1067,435,26
475,435,8
520,435,28
1030,435,39
617,435,21
836,435,12
299,435,32
569,435,13
425,435,6
333,435,32
293,435,25
153,435,12
669,435,44
478,435,22
519,435,48
19,435,27
573,435,4
633,435,34
1068,435,27
321,435,40
474,435,15
564,435,44
473,435,13
429,435,30
717,435,15
768,435,20
699,435,7
1049,436,16
118,436,11
153,436,25
370,436,45
210,436,8
884,436,8
212,436,48
677,436,47
191,436,25
568,436,36
886,436,7
1031,436,48
347,436,36
796,436,44
1003,436,16
938,436,27
1069,436,4
326,436,46
39,436,28
87,436,14
7,436,46
36,436,31
281,437,15
215,437,11
912,437,32
750,437,39
1004,437,33
765,438,31
1070,438,22
1054,438,28
1071,438,12
840,438,5
425,438,45
1072,438,50
956,438,39
974,438,28
900,438,20
1073,438,7
574,438,11
858,438,23
717,438,35
620,438,7
153,438,36
322,438,44
303,438,37
1045,438,11
1074,438,33
1001,438,39
925,438,32
600,438,49
162,438,17
546,438,8
692,438,23
1039,439,33
1070,439,20
1053,439,14
609,439,21
163,439,18
618,439,44
17,439,33
118,439,50
818,439,32
768,439,44
299,439,16
105,439,2
604,439,1
916,439,39
1075,439,2
1011,439,17
367,439,41
57,439,47
169,439,1
476,439,24
743,439,9
785,439,48
1007,439,44
958,440,17
902,440,28
560,440,16
138,440,14
33,440,42
347,440,47
90,440,22
211,440,20
830,440,20
417,440,25
319,440,24
1024,440,23
75,440,25
954,440,9
988,440,44
1021,440,34
856,440,12
61,440,48
568,440,19
337,440,21
1075,440,10
287,440,15
163,440,12
1049,440,45
239,440,35
1076,440,43
878,440,40
938,440,1
438,440,27
153,440,19
664,440,14
115,440,46
589,440,50
736,440,17
569,440,9
1003,440,26
687,440,37
462,440,32
880,440,32
1061,440,6
1006,440,42
1077,440,28
1078,440,37
1079,440,1
548,440,10
956,440,7
421,440,12
714,441,38
693,441,25
836,441,29
118,442,27
858,442,33
1073,442,48
412,442,42
330,442,26
662,442,13
321,442,4
357,442,9
1045,442,10
838,442,20
675,442,45
1043,442,2
442,442,43
52,442,42
932,443,38
634,443,1
1080,443,5
297,443,25
738,443,4
125,443,36
1081,443,16
568,443,45
1015,443,8
122,443,46
913,443,11
367,443,7
1073,443,42
1075,443,24
520,443,1
1082,443,44
569,443,17
839,443,49
225,443,43
711,443,39
204,443,12
633,443,29
455,443,39
900,443,28
503,443,42
299,443,6
944,443,32
319,443,14
983,444,15
478,444,21
204,444,5
622,444,50
1083,444,40
768,445,18
667,445,30
293,446,19
796,446,24
978,446,24
169,446,40
719,446,10
803,446,32
1084,447,12
418,447,31
1085,447,19
528,447,3
458,447,28
36,447,31
1086,447,24
530,447,39
587,447,13
1087,447,13
556,447,24
372,447,6
1039,447,46
1023,447,15
420,447,38
232,447,3
1051,447,26
1019,447,21
100,447,20
1088,447,25
1089,447,31
1090,447,43
445,447,45
756,447,30
960,447,37
568,447,14
520,447,40
1091,447,11
899,447,19
386,447,49
153,447,18
944,447,3
601,448,18
823,448,41
867,448,35
896,448,30
153,448,37
1050,448,43
405,448,26
835,448,25
82,448,36
828,449,47
829,449,37
1002,449,19
1053,449,6
1041,449,30
934,449,17
305,449,49
565,449,3
367,449,4
122,449,3
550,449,16
299,449,29
320,449,11
1085,449,17
917,449,12
573,449,30
941,449,46
1009,449,35
944,449,9
209,449,7
723,449,20
204,449,35
802,449,38
1071,449,47
394,449,14
593,449,27
484,449,33
926,449,29
949,449,22
282,449,21
456,449,6
1012,449,28
1017,449,1
1040,449,47
1092,449,9
759,449,29
299,450,50
718,450,12
204,450,38
867,450,49
570,450,6
604,450,23
756,450,4
220,450,17
765,450,1
1093,450,15
1017,450,47
320,450,17
36,450,36
496,450,2
878,450,6
478,450,1
993,450,21
1004,450,27
581,450,45
790,450,27
211,450,48
837,450,18
1094,450,21
880,450,16
747,450,2
870,450,14
795,450,10
799,450,28
1095,450,21
990,450,50
504,450,47
209,450,40
1096,450,6
1040,450,32
1016,450,21
934,450,12
1011,450,10
465,450,12
606,450,39
791,450,30
997,450,47
1088,450,7
1030,450,11
898,450,10
931,450,33
1034,450,5
234,450,3
543,450,27
1073,450,44
641,450,30
593,451,39
582,451,29
958,452,33
710,452,44
884,452,35
1059,452,36
1006,452,48
867,452,11
944,452,34
693,452,34
94,452,4
293,453,23
1097,453,36
460,454,35
1098,454,50
462,454,14
564,454,9
1097,454,4
504,454,43
743,454,25
755,454,19
94,454,26
420,455,44
1018,455,47
1008,455,5
1054,455,4
575,455,33
1063,455,35
305,455,7
885,455,49
93,455,5
1057,455,19
122,455,33
1030,455,48
359,455,35
239,455,31
191,455,38
844,455,13
867,455,21
299,455,4
416,455,46
475,455,7
1056,455,45
1064,455,43
916,455,31
907,455,39
890,455,22
768,455,9
1099,455,47
209,455,36
1065,455,24
994,455,5
601,455,7
99,455,47
716,455,46
474,455,30
1005,455,4
215,455,3
672,455,34
759,455,13
559,455,46
151,455,9
1100,455,41
1003,455,38
504,455,35
1017,455,49
891,455,7
1022,455,28
240,456,35
780,456,27
990,456,3
120,456,9
1095,456,46
735,456,49
836,456,42
216,456,21
239,456,37
451,456,43
506,456,27
1101,456,12
888,456,4
153,456,16
1016,456,21
115,456,27
604,456,27
430,456,31
1075,456,7
936,456,4
1001,456,3
1102,456,12
1099,456,44
914,456,2
1014,456,4
281,456,25
23,456,42
1092,456,19
7,456,16
1082,456,18
410,456,42
144,456,10
1103,456,7
582,456,7
756,456,12
299,456,32
573,456,39
830,456,34
646,456,18
612,456,23
1104,456,30
225,456,5
1029,456,7
1088,456,18
319,456,34
122,456,22
634,457,22
836,457,28
1056,457,22
1032,457,21
632,457,39
593,457,44
1078,458,3
202,459,14
418,459,29
996,459,18
1105,459,5
1106,459,33
145,459,24
251,459,23
463,459,49
152,459,5
37,459,5
604,460,11
451,460,44
1107,460,42
735,460,19
582,460,25
550,460,33
139,460,21
979,460,16
1104,460,5
347,460,26
293,460,24
931,460,34
792,460,43
1009,460,20
1037,460,25
1004,460,41
458,460,28
575,460,46
425,460,50
533,460,17
1108,460,30
1034,460,31
223,460,13
615,460,17
584,460,25
1015,460,10
606,460,31
1049,460,13
282,460,42
412,460,32
135,460,17
1023,460,14
998,460,8
7,460,5
777,460,31
319,460,31
978,460,43
158,460,49
991,460,9
1070,460,23
688,460,2
801,460,29
614,460,27
1040,460,5
1103,460,48
1076,460,3
1065,460,40
490,461,39
936,461,27
800,461,14
526,461,11
111,461,39
347,461,24
1109,461,27
94,461,14
856,461,25
1103,461,46
867,461,30
116,461,2
723,461,36
675,461,15
1001,461,4
1075,461,36
738,461,11
949,461,44
81,461,50
569,461,12
1091,461,12
657,461,41
496,461,27
1053,461,15
1106,461,1
998,461,12
1051,461,48
215,461,19
899,461,45
1049,461,47
337,461,50
1110,461,31
82,461,33
990,461,48
1111,461,4
1112,461,28
1113,461,12
888,461,5
49,461,10
991,461,22
1028,461,2
596,461,47
293,461,18
122,461,8
993,461,24
447,461,3
504,461,44
210,461,48
103,461,36
241,461,30
614,461,43
921,461,38
908,461,25
866,461,2
153,461,24
1114,461,7
451,461,39
775,461,39
1115,461,12
920,461,33
177,461,15
1042,462,41
1099,462,46
236,462,2
725,462,45
384,462,42
547,462,40
981,462,26
980,462,49
835,462,45
317,462,12
810,462,21
32,462,46
153,463,27
543,463,8
299,463,48
1104,463,1
561,463,9
881,463,13
169,463,22
1116,463,20
1117,463,20
951,463,17
327,463,1
670,463,10
1011,463,18
1050,463,5
755,463,18
985,463,7
1118,463,28
1060,463,49
233,463,33
644,463,49
920,463,46
698,463,33
1075,463,37
1114,463,8
97,463,37
1090,463,10
735,463,48
329,463,5
990,463,20
478,463,9
1015,464,50
799,464,25
336,464,47
751,464,30
281,464,7
750,464,29
977,464,24
163,464,16
666,464,45
449,464,34
886,464,49
223,464,3
755,464,3
709,464,44
1050,464,13
883,465,22
928,466,35
928,467,41
899,468,39
299,468,38
998,468,21
601,468,44
811,469,20
974,469,10
1113,469,5
796,469,29
163,470,2
622,470,29
381,471,27
714,472,48
666,472,9
45,473,37
507,473,34
153,473,37
396,473,25
204,473,12
601,473,43
822,474,3
601,475,17
969,475,35
1021,476,3
1079,476,44
1077,476,4
838,476,26
900,476,48
484,476,38
1119,477,34
737,477,4
827,477,27
521,477,39
863,477,30
142,477,36
941,477,15
1071,477,37
1084,477,20
1021,477,15
783,477,24
847,477,49
135,477,43
1023,477,44
996,477,42
1053,477,50
499,477,27
118,477,15
1101,477,50
305,477,25
1089,477,36
1000,477,23
569,477,32
299,477,38
736,477,7
959,477,4
1092,477,23
125,477,4
139,477,25
216,477,36
647,477,13
914,477,22
532,477,20
1035,477,49
954,477,32
1040,477,27
153,477,11
118,478,36
520,478,33
466,478,32
519,478,21
500,478,7
474,478,23
517,478,35
692,478,18
473,478,1
475,478,29
496,479,32
1096,479,36
581,479,17
204,479,23
958,480,29
827,481,26
336,481,28
993,481,46
707,482,23
1120,482,18
483,482,18
1110,482,10
1121,482,42
160,482,26
901,482,43
953,482,26
383,482,33
694,482,15
927,482,25
1087,482,23
302,483,9
615,483,31
802,483,6
626,483,13
989,483,34
573,483,29
889,483,35
561,483,2
319,484,14
211,484,41
248,484,9
7,484,28
1107,484,25
1001,484,17
220,484,4
333,484,30
406,484,6
572,484,15
647,484,35
990,484,41
264,484,35
357,485,42
795,485,16
601,485,37
314,485,20
320,485,13
1024,485,47
889,485,41
1122,486,32
1123,487,14
1124,487,27
347,487,47
1125,487,4
822,487,50
1,487,16
535,487,11
954,487,33
1126,487,22
1067,487,35
742,487,21
802,487,41
738,487,4
474,487,44
1127,487,30
844,487,10
531,487,24
299,487,21
153,487,37
569,487,35
1128,487,41
1129,487,16
824,487,46
866,487,17
433,487,16
133,487,1
750,487,5
812,487,44
1130,487,45
370,487,34
496,487,31
1036,487,48
178,487,12
852,487,47
83,487,42
1020,487,17
821,487,23
1111,487,15
1131,487,33
312,487,37
118,487,16
189,488,32
508,488,9
516,488,37
954,489,40
752,489,48
236,489,20
337,489,15
500,489,34
347,490,43
153,490,27
162,490,41
1031,490,43
879,490,30
1122,490,30
522,490,24
1132,490,17
524,490,30
385,490,33
940,491,6
555,491,44
563,491,34
1131,491,48
972,491,50
373,491,44
1067,491,50
221,491,19
99,491,9
943,491,34
1133,491,1
893,491,17
153,492,48
487,492,7
1038,492,41
77,492,35
1059,492,43
1001,492,30
1134,492,33
839,492,43
567,492,49
364,492,50
865,492,45
99,492,30
444,492,32
944,492,31
1132,492,13
654,492,21
951,492,19
422,492,37
1038,493,9
818,493,47
914,493,20
470,493,5
153,493,29
1029,493,20
944,493,12
998,493,47
1059,493,12
1002,493,50
1054,493,48
1135,493,12
1108,493,29
765,493,5
581,493,8
738,493,14
1100,493,25
223,493,10
1070,493,42
1106,493,15
1001,493,35
236,493,45
1021,493,39
964,493,39
163,493,2
1045,493,21
675,493,26
299,493,31
1050,493,20
327,493,1
743,493,33
621,493,35
1039,493,41
478,493,28
645,493,21
561,493,24
1136,493,4
229,493,5
446,493,25
123,493,44
726,493,13
108,493,45
791,494,30
486,494,31
662,494,17
340,494,14
1033,494,13
539,494,49
615,494,26
891,494,35
451,494,21
374,494,3
33,494,22
281,494,15
1137,494,41
513,494,44
72,494,39
637,494,50
215,494,20
607,494,45
1030,494,23
574,494,17
952,494,48
890,494,31
729,494,21
958,495,6
943,495,28
1114,495,32
878,495,26
585,496,48
143,496,23
83,496,44
761,496,1
967,496,12
819,496,41
751,496,24
792,496,30
735,496,10
485,497,49
42,497,20
986,497,1
38,497,14
204,497,9
1138,497,33
867,498,26
358,499,21
1139,499,9
384,499,9
366,499,34
380,499,9
1140,500,19
1001,500,45
1139,500,39
1095,500,10
499,500,3
998,500,10
236,500,27
765,500,20
790,500,30
847,500,47
717,500,11
638,500,8
303,500,6
569,500,6
982,500,9
990,500,3
84,500,39
662,500,12
997,500,48
335,500,35
1099,500,46
641,500,21
1093,500,48
460,500,29
989,500,35
1057,500,20
299,500,3
209,500,32
34,500,13
389,500,3
1114,500,18
867,500,21
992,500,45
462,500,28
116,500,45
1074,500,12
35,500,2
153,501,12
896,501,29
128,501,13
562,501,18
1069,501,31
98,501,13
774,502,41
353,502,22
116,502,26
665,503,18
723,504,43
0,504,9
700,504,34
633,504,7
96,504,10
674,505,27
363,505,10
356,505,9
358,505,43
361,505,3
592,505,30
358,506,23
934,507,6
769,507,20
773,507,39
736,507,23
7,507,25
123,507,28
995,507,9
41,507,1
1141,507,14
147,507,35
733,507,31
121,507,23
827,508,26
1114,508,45
121,508,31
1100,508,38
934,508,2
87,508,21
529,508,40
232,508,45
534,508,39
147,508,24
718,508,14
465,508,26
7,508,5
961,508,48
931,508,1
287,508,43
1085,508,35
944,508,28
917,508,47
1032,508,7
693,508,38
842,508,11
455,508,14
840,508,50
764,508,45
1019,508,38
1106,508,15
920,508,24
96,508,19
775,508,32
779,508,31
808,508,17
663,508,40
503,508,17
768,508,41
568,508,26
560,508,16
413,508,18
488,508,41
1075,508,19
956,508,49
977,508,9
231,508,48
123,508,36
133,508,42
445,508,13
32,508,37
403,508,43
193,509,28
24,509,7
417,509,30
977,509,28
1085,509,41
818,509,21
1023,509,41
141,509,36
611,509,33
1039,509,43
386,509,18
1001,509,16
1142,509,10
69,509,17
719,509,44
87,509,34
1117,509,4
690,509,21
1115,509,30
820,509,24
421,509,34
233,509,47
34,509,24
1104,509,4
733,509,25
1011,509,36
768,509,23
1021,509,2
450,509,13
1075,510,27
1100,510,43
633,510,13
867,511,11
569,511,32
808,511,25
399,511,17
922,511,17
542,511,31
92,511,32
153,511,6
121,511,40
551,511,41
1052,511,15
118,512,47
161,512,38
1021,512,13
1100,513,36
619,514,42
367,514,23
944,515,12
960,516,44
36,516,3
863,517,2
515,517,18
1064,517,4
165,518,13
1114,518,31
944,519,39
419,519,14
108,519,45
944,520,27
178,521,48
475,521,37
749,521,4
832,521,11
568,521,48
27,521,49
321,521,49
633,521,41
547,521,25
1068,521,6
893,521,36
443,521,30
132,521,46
1143,521,4
1144,521,1
697,521,29
1145,521,26
1127,521,46
1048,521,47
329,521,45
92,521,6
934,522,2
27,523,44
204,524,42
153,525,48
75,525,28
958,526,1
781,526,1
782,526,48
33,526,4
118,526,22
1146,526,22
1058,526,31
417,526,6
460,526,26
859,526,5
860,526,11
163,526,38
37,526,40
790,526,17
23,526,43
1114,526,38
1076,526,17
1075,526,39
139,526,48
852,526,11
840,526,6
463,526,47
843,526,32
944,526,27
975,526,17
899,526,15
796,526,15
462,526,22
226,527,38
993,527,32
342,527,43
90,527,22
464,527,25
384,527,4
118,527,46
7,527,12
293,527,46
581,527,6
683,527,30
1075,527,34
731,527,36
53,527,17
1034,527,26
55,527,19
564,527,37
458,528,26
1086,528,25
211,528,24
90,528,48
648,528,4
1061,528,13
1021,528,19
293,528,43
673,528,46
105,528,6
1085,528,18
204,528,31
966,528,15
1023,528,2
1016,528,8
647,529,31
744,529,47
709,529,34
877,530,49
1023,531,23
482,532,35
723,533,44
1033,533,6
305,533,21
647,533,30
726,533,5
366,534,15
738,534,48
116,534,18
734,535,50
669,535,31
1107,535,49
930,535,32
710,536,26
1086,537,37
1102,537,45
400,537,5
979,537,9
1114,537,41
1130,537,39
657,537,38
49,537,37
287,537,3
1052,537,42
909,537,49
542,537,25
853,537,22
1075,537,17
718,537,3
575,537,48
1099,537,26
1043,537,7
380,537,33
731,537,50
251,537,26
920,538,11
115,539,31
118,539,25
90,539,6
873,539,5
591,539,25
1118,539,31
951,539,37
567,539,40
881,539,4
412,539,6
498,539,35
582,539,15
1105,539,21
1062,539,15
987,539,5
799,539,8
1100,539,9
1114,539,22
153,539,43
901,539,26
1075,539,27
187,540,8
1111,540,39
956,540,30
370,541,17
1147,542,50
950,542,49
872,542,29
869,542,13
944,542,23
696,542,24
921,542,12
866,542,14
894,542,29
840,542,5
736,542,10
233,542,1
168,542,40
825,542,48
1114,542,4
1125,542,37
517,542,21
512,542,38
874,542,43
878,542,31
1147,543,12
918,543,1
904,543,50
347,543,49
613,543,28
902,543,28
1075,543,15
858,543,17
944,543,26
975,543,47
950,543,46
867,543,35
311,543,8
870,543,8
1072,543,20
163,543,50
185,543,37
1148,543,34
1149,543,46
215,543,40
977,543,10
740,543,38
584,543,31
735,543,37
611,543,25
1150,543,7
675,543,33
1151,543,12
153,543,46
928,543,45
853,543,44
854,543,3
1100,543,30
874,543,38
1006,543,6
568,543,13
1058,543,48
1114,543,31
1028,543,12
840,543,21
92,543,49
951,543,24
901,543,50
99,543,40
876,543,29
872,544,31
865,544,47
601,544,35
843,544,19
76,544,27
860,545,46
517,545,49
512,545,24
840,546,31
1152,547,3
927,547,34
970,547,15
954,547,12
1151,547,8
832,547,24
646,547,39
859,547,15
697,547,35
297,547,2
1098,547,2
132,547,50
739,547,19
971,547,10
602,547,19
569,547,48
1153,547,44
1107,547,2
27,547,40
92,547,24
568,547,26
121,547,36
1154,547,22
688,547,25
1112,547,11
438,547,16
793,547,24
1048,547,43
1143,547,24
1155,547,20
321,547,41
749,547,28
400,547,5
97,547,17
1156,547,10
89,547,47
221,547,18
836,547,7
844,547,7
1157,547,26
817,547,4
1144,547,29
1158,547,21
475,547,44
893,547,29
1145,547,49
1138,547,16
623,547,8
328,547,44
1091,547,5
462,547,50
442,547,39
708,547,7
1159,547,27
329,547,49
1068,547,42
1160,547,25
1152,548,16
927,548,28
970,548,45
954,548,15
1151,548,35
832,548,14
646,548,24
859,548,32
697,548,45
297,548,32
1098,548,31
132,548,10
739,548,31
971,548,25
602,548,25
1153,548,33
1107,548,38
569,548,32
27,548,9
92,548,20
688,548,26
568,548,47
1112,548,41
438,548,16
1154,548,39
793,548,38
1048,548,11
1143,548,12
1155,548,6
321,548,43
749,548,44
121,548,16
221,548,17
1157,548,47
817,548,13
1156,548,19
1144,548,19
1158,548,44
475,548,30
836,548,24
844,548,8
89,548,21
893,548,8
1145,548,16
400,548,39
97,548,3
1138,548,41
462,548,38
442,548,14
708,548,33
1159,548,26
1091,548,13
623,548,42
328,548,8
329,548,26
1068,548,16
1160,548,44
584,549,41
688,549,18
868,549,24
871,549,44
249,549,49
1093,549,32
1151,549,46
504,549,20
840,549,46
1058,549,9
975,549,45
1131,549,46
616,549,40
904,549,48
893,549,23
866,549,4
287,549,42
888,549,28
753,549,22
529,549,44
821,549,11
1019,549,3
845,549,49
709,549,49
686,549,49
162,549,38
533,549,29
692,549,37
909,549,48
1161,549,15
1077,549,19
750,549,44
944,549,43
1072,549,24
762,549,23
735,549,8
462,549,41
869,549,22
178,549,24
752,549,11
754,549,33
534,549,13
675,549,41
1079,549,6
1100,549,19
1114,550,38
1075,550,18
878,550,50
968,551,30
601,551,15
942,551,46
897,551,39
967,551,10
858,552,26
1100,553,28
32,554,30
782,555,7
940,555,35
1100,555,40
118,555,21
347,555,2
248,555,19
161,555,18
81,555,21
455,555,11
192,555,11
1071,555,49
1162,555,6
191,555,33
216,555,7
400,555,2
1105,555,48
794,555,34
1052,555,47
405,555,21
648,555,7
995,555,11
534,555,6
116,555,14
687,555,15
980,555,16
115,555,26
943,555,3
1155,556,1
237,557,15
45,557,10
1163,557,39
472,557,20
90,557,11
653,557,33
787,557,11
118,557,3
122,557,28
541,557,44
790,557,26
506,557,26
959,557,41
988,557,43
520,557,4
498,557,9
24,557,40
241,557,47
460,557,33
788,557,5
176,557,50
665,557,11
346,557,8
7,557,23
392,557,42
23,557,6
1114,557,14
769,557,50
1099,557,33
512,557,43
623,557,34
203,557,27
49,557,11
172,557,9
845,557,36
564,557,18
47,557,40
984,557,21
147,557,28
121,557,30
794,557,48
517,557,33
177,557,1
771,557,1
248,557,31
1141,557,33
737,558,12
347,558,29
153,558,43
299,558,39
1059,558,33
33,558,25
914,558,10
385,558,25
1090,558,42
393,558,37
1088,558,33
82,558,28
7,558,12
1012,558,16
281,558,20
1135,558,10
1115,558,35
236,558,49
433,558,24
779,558,13
1020,558,44
755,558,50
573,558,3
192,558,31
111,558,27
1122,558,32
613,558,6
555,558,16
367,558,20
886,558,19
610,558,18
887,558,35
952,558,30
933,558,32
797,558,42
435,558,6
692,558,39
224,558,26
888,558,49
237,559,22
45,559,11
135,559,44
315,559,41
849,559,13
23,559,26
248,559,40
850,559,24
45,560,39
189,560,17
508,560,16
135,561,13
189,561,4
584,561,1
849,561,4
507,561,35
23,561,12
850,561,44
481,561,10
731,561,27
176,562,19
1108,563,47
357,563,28
937,563,27
569,563,45
1087,563,14
788,563,50
1100,563,41
233,563,9
169,563,24
438,563,13
99,563,27
916,563,9
981,563,17
736,563,40
982,563,11
153,563,20
867,563,43
236,563,21
462,563,13
123,563,48
626,563,41
172,564,17
556,564,5
1164,564,11
761,564,26
55,564,8
364,564,45
347,565,29
1024,565,30
867,565,21
633,565,50
236,565,44
69,565,32
421,565,47
540,565,36
535,565,4
610,565,20
1122,565,35
385,565,17
526,565,50
99,565,25
814,565,7
915,565,22
456,565,27
876,565,42
379,565,14
20,565,28
458,565,36
7,565,42
330,565,24
37,565,3
563,565,45
1114,565,36
1103,565,36
102,565,21
973,565,4
1164,565,23
153,565,2
25,565,1
1106,565,5
362,565,31
1136,565,6
564,565,12
376,565,22
463,565,14
896,565,39
122,566,27
121,566,44
1023,566,23
1038,566,12
428,566,43
751,566,39
163,566,32
977,566,30
42,566,47
347,567,1
781,567,17
863,567,26
1140,567,24
685,567,39
977,567,7
585,567,23
1121,567,46
1100,567,44
402,567,45
1062,567,29
917,567,39
870,567,16
895,567,44
1114,567,24
927,567,20
782,567,35
216,567,13
939,567,11
246,567,28
206,567,36
965,567,47
281,567,32
1075,567,10
1142,567,29
1015,567,5
139,567,15
878,567,38
1105,567,40
511,567,47
520,567,4
1150,567,3
934,567,6
569,567,41
529,567,17
776,567,25
984,567,21
914,567,19
675,567,39
1027,567,44
1151,567,8
111,567,2
928,567,16
568,567,21
1141,567,20
841,567,9
535,567,23
990,567,47
249,567,33
787,568,11
814,568,13
347,568,37
122,568,15
1136,568,16
372,568,17
239,568,39
936,568,20
32,568,24
757,568,45
760,568,10
299,568,9
819,568,48
1132,568,3
944,568,35
367,568,44
406,568,28
937,568,29
1075,568,11
153,568,49
153,569,44
734,569,26
356,569,29
685,569,14
299,569,9
121,569,12
1139,569,24
281,569,8
1165,569,9
892,569,33
953,569,47
535,569,32
1024,569,43
111,569,44
3,569,37
1136,569,17
386,569,29
282,569,40
1137,569,33
479,569,38
1159,569,20
952,569,35
973,569,36
699,569,37
481,569,32
538,569,19
1020,569,32
956,569,9
476,569,43
414,569,4
100,569,32
1078,569,20
246,569,12
730,569,38
1118,569,22
191,569,2
1125,569,25
987,569,41
998,570,30
1085,570,30
44,570,22
1140,571,6
402,571,31
1024,571,12
1069,571,50
448,571,16
72,572,13
1166,572,46
937,572,22
549,572,37
986,572,30
633,572,13
710,572,44
1046,572,10
734,573,17
357,573,12
1136,573,26
1028,573,5
151,573,41
72,574,31
977,574,13
1002,574,43
1100,574,24
712,574,2
1130,574,12
1115,574,22
934,574,45
644,574,41
384,574,3
944,574,30
1018,574,49
217,574,2
173,574,27
402,574,31
34,574,41
938,574,8
994,574,31
19,574,44
772,574,8
548,574,35
98,574,2
1125,574,46
943,574,44
447,574,14
1137,574,42
711,574,41
957,574,1
733,574,40
567,574,20
608,574,33
1105,574,11
985,574,16
1161,574,8
189,575,7
508,575,9
568,575,30
23,575,34
80,575,20
633,575,44
999,575,50
353,575,19
192,575,1
157,575,13
511,575,34
944,575,39
794,575,18
469,575,8
401,575,36
45,576,36
507,576,45
651,576,3
665,576,31
392,576,11
335,576,33
346,576,36
153,576,37
943,576,9
731,576,27
1005,577,26
328,577,48
448,577,14
304,578,8
479,579,42
563,580,23
863,581,4
347,582,24
123,582,8
986,582,25
41,582,16
594,583,2
943,583,44
328,583,3
406,584,24
626,584,46
123,585,39
7,585,46
1132,586,32
649,587,14
565,587,40
907,587,5
251,588,14
347,589,44
343,589,43
1101,589,14
1028,589,2
232,589,16
987,589,42
163,589,32
1167,590,28
685,591,31
897,591,45
957,591,30
538,591,3
822,591,8
1078,591,43
803,591,1
191,591,16
357,592,36
371,592,24
692,592,32
55,592,25
184,592,22
253,593,6
638,593,30
281,593,9
626,594,8
192,595,22
633,595,25
482,596,14
873,597,31
853,597,48
116,597,1
350,597,5
1072,597,25
776,597,42
864,597,47
858,597,11
840,597,5
1058,597,40
878,597,44
287,597,31
788,597,34
281,597,4
616,597,22
614,597,10
86,597,16
121,597,5
768,597,28
59,597,32
873,598,29
1142,598,45
862,598,17
28,598,47
857,598,10
1151,598,44
1075,598,2
616,598,20
163,598,32
840,598,41
906,598,12
868,598,8
904,598,29
653,598,4
910,598,43
153,598,38
247,598,22
858,598,12
657,598,8
955,598,35
908,598,26
842,598,17
1013,598,36
347,598,5
616,599,14
831,599,16
840,599,1
554,599,12
873,599,19
153,599,3
1136,599,1
879,599,29
869,599,39
988,599,7
402,599,28
1151,599,19
697,599,36
977,599,18
653,599,22
657,599,30
668,599,2
851,599,44
908,599,8
1159,599,32
1108,599,50
1058,599,34
275,599,19
854,599,48
471,599,6
120,599,19
1028,599,42
719,599,21
1,599,28
485,600,9
340,600,14
45,600,21
186,600,21
787,600,28
486,600,6
14,600,14
142,600,46
49,600,49
651,600,43
19,600,12
392,600,30
318,600,34
69,600,48
192,600,36
549,600,30
66,600,8
668,600,19
248,600,7
1132,600,11
1064,600,11
281,600,1
804,600,21
55,600,7
118,601,29
47,601,16
7,601,47
769,601,11
512,601,22
344,601,20
984,601,4
564,601,47
771,601,4
177,601,3
520,601,38
1141,601,27
517,601,25
672,601,11
638,601,12
45,602,41
189,602,3
507,602,45
135,602,45
142,602,24
829,602,5
957,602,1
651,602,38
451,602,3
7,602,35
118,602,43
849,602,27
349,602,17
850,602,49
281,602,33
916,602,16
942,602,6
156,603,11
118,603,31
686,603,35
399,603,33
386,603,32
504,604,6
583,605,41
312,605,8
1054,605,16
1135,605,28
498,605,11
1066,605,40
625,605,11
49,605,19
116,605,13
118,605,50
141,605,44
318,605,47
947,605,46
1127,605,11
113,605,39
546,605,48
462,605,15
1106,605,49
236,605,10
344,605,22
351,605,35
1034,605,33
331,605,30
102,605,12
654,605,46
982,605,23
204,605,29
1100,605,22
349,605,30
998,605,13
153,605,10
36,605,49
579,605,3
485,606,1
340,606,25
1066,606,7
947,606,49
948,606,29
497,606,21
1137,606,1
465,606,44
532,606,45
728,606,12
1168,606,15
209,606,47
512,606,3
646,606,50
489,606,26
204,606,2
517,606,10
353,606,49
731,606,42
957,606,13
176,606,18
299,606,25
19,606,21
581,606,40
645,606,45
327,606,12
339,606,14
569,607,22
497,607,35
914,607,23
80,608,43
342,608,7
425,608,11
731,608,13
195,608,11
576,608,45
804,608,46
55,608,36
1074,608,4
210,608,24
907,608,12
1169,609,44
1100,609,19
934,609,34
1100,610,42
658,610,36
617,610,18
141,610,16
596,611,32
870,611,12
138,612,15
526,612,49
135,612,47
517,612,39
849,612,47
651,612,33
531,612,24
1123,612,8
76,612,34
512,612,6
1126,612,1
824,612,19
654,612,10
1168,612,18
967,612,25
850,612,7
368,613,39
592,613,18
363,614,34
674,614,44
486,615,20
153,615,31
493,615,26
313,615,5
651,615,49
281,615,6
460,615,48
1009,615,49
489,615,17
803,615,27
1125,615,37
462,615,46
479,615,18
951,615,3
1065,615,15
1114,616,10
319,616,4
410,616,10
1075,616,7
703,616,23
705,616,47
308,617,4
380,617,44
647,617,5
1170,617,19
602,617,8
333,617,41
511,618,33
758,618,33
482,619,35
954,620,40
1106,620,6
226,621,44
404,621,2
822,621,38
129,622,24
934,623,50
1171,624,13
557,624,39
781,624,33
787,624,44
782,624,4
805,624,5
939,624,12
1150,624,13
1114,624,16
287,624,25
419,624,16
527,624,4
141,624,30
950,624,43
977,624,2
567,624,26
1099,624,14
90,624,25
118,624,25
1128,624,6
663,624,43
908,624,1
378,624,48
558,624,40
122,624,41
206,624,17
328,624,10
954,624,21
948,624,3
47,624,39
542,624,12
834,624,43
495,624,15
1152,624,15
911,624,43
520,624,26
384,624,36
870,624,44
34,624,12
968,624,38
1057,624,31
420,624,50
340,625,19
342,625,10
934,625,48
226,625,44
181,625,7
870,625,44
841,625,13
944,625,38
1172,625,28
1055,625,35
1173,625,42
1139,625,36
163,625,2
844,626,13
1174,626,42
394,626,17
1130,626,26
940,626,15
1119,626,15
913,626,44
192,626,42
735,626,46
826,626,10
1075,626,13
560,626,28
918,626,37
23,626,10
587,626,7
319,626,20
568,626,46
944,626,23
239,626,36
52,626,29
1109,626,37
1024,626,8
845,626,26
990,626,29
935,626,30
7,626,41
725,626,36
695,626,37
977,626,46
656,626,11
878,626,19
955,626,25
1150,626,33
1051,626,22
628,626,28
740,626,21
1055,626,48
1004,626,27
870,626,47
241,626,30
105,626,26
101,626,9
1110,626,39
462,626,44
975,626,34
153,626,48
1148,626,1
943,626,44
118,626,39
515,626,3
945,626,41
827,627,28
967,627,32
897,627,29
1113,627,33
1040,627,27
1164,627,33
1159,627,29
172,627,2
1175,627,19
1089,627,36
924,627,23
1099,627,48
503,627,46
1067,627,2
153,627,25
462,627,22
732,627,50
478,627,4
1092,627,47
93,627,11
75,627,47
568,627,37
158,627,43
108,627,2
1023,627,46
164,627,20
514,627,13
955,627,1
650,627,36
1009,627,10
1076,627,7
581,627,12
327,627,6
887,627,18
1061,627,5
761,627,20
803,627,20
789,627,17
894,627,33
523,627,46
340,628,24
941,628,48
830,628,47
157,628,16
901,628,18
986,628,26
1100,628,35
7,628,34
542,628,33
742,629,19
894,629,48
178,629,15
812,629,2
19,629,13
1036,629,12
542,629,34
844,629,35
803,629,16
969,629,41
25,629,6
168,629,9
1099,630,43
998,630,9
870,630,7
1172,630,30
965,631,15
121,631,7
676,631,37
934,631,38
909,631,8
870,632,50
1172,632,8
870,633,21
1172,633,33
870,634,48
1172,634,2
944,635,6
870,635,44
7,635,30
1172,635,38
844,636,38
347,637,45
561,637,9
27,637,5
228,637,32
83,638,5
750,639,26
428,639,44
45,640,41
653,640,36
1116,640,9
977,640,13
651,640,3
355,640,6
1082,640,46
905,640,15
347,640,40
23,640,40
1135,640,13
293,640,40
1047,640,37
731,640,49
55,640,38
683,640,49
804,640,34
840,641,22
644,641,6
844,641,35
1149,641,48
620,641,9
347,641,50
357,641,5
33,641,31
172,641,9
792,641,50
116,641,32
1176,641,36
765,641,1
156,641,44
1177,641,45
169,641,8
1178,641,34
1032,641,12
1106,641,46
555,641,1
7,641,19
228,641,48
858,641,19
118,641,39
947,641,45
922,641,28
1046,641,47
626,641,29
786,641,37
153,641,5
328,641,44
656,641,23
569,641,26
915,641,49
287,641,28
1164,641,50
178,641,16
388,641,4
772,641,5
1007,641,16
999,641,24
25,641,41
158,641,48
455,641,25
57,641,28
513,641,1
229,641,40
1133,641,22
1179,641,13
933,641,13
29,641,2
550,641,16
1060,641,26
876,641,32
709,641,40
293,642,2
844,642,47
419,642,28
7,642,15
701,642,17
1150,642,14
336,642,38
1021,642,30
1176,642,9
458,642,1
520,642,26
1180,642,23
347,642,33
905,642,42
226,642,46
1072,642,39
347,643,36
153,643,41
886,643,33
1121,643,49
887,643,46
1097,643,14
965,643,15
1181,643,13
582,643,23
1149,643,45
299,644,9
523,644,25
772,644,5
880,644,47
347,644,17
622,644,28
204,644,50
1094,644,12
768,644,29
455,644,9
1150,645,16
347,645,23
836,645,19
1024,645,10
347,646,25
815,646,18
347,647,34
794,647,43
1182,648,13
1015,648,8
812,648,7
1028,648,18
582,648,33
347,649,43
209,649,16
944,649,47
161,650,5
926,650,29
370,650,12
210,650,23
178,651,24
1036,651,39
812,651,1
7,652,12
1182,653,40
855,654,43
1121,655,35
981,656,17
33,657,43
939,657,34
1171,657,25
343,657,8
928,657,40
388,657,33
1159,657,35
990,657,41
318,657,34
420,657,43
527,657,49
347,657,8
336,657,44
90,657,26
1178,657,5
692,657,7
945,657,16
169,657,34
1060,657,13
1121,657,47
695,657,30
934,657,49
991,657,7
664,657,33
118,657,6
1116,657,34
844,657,42
910,657,6
287,657,18
789,657,36
1183,657,10
7,657,9
107,657,33
209,657,5
750,657,18
1101,658,19
1021,658,35
896,658,14
1134,658,11
347,658,46
1096,659,50
1184,659,19
192,659,29
347,659,36
1167,659,50
915,659,22
312,659,46
522,659,8
299,659,2
1021,659,41
1185,659,13
1102,659,11
765,659,42
1063,659,18
118,659,25
1153,659,6
725,659,44
1186,659,28
1094,659,16
637,659,21
1090,659,20
1187,659,17
428,659,16
1175,659,28
600,659,41
801,659,20
990,659,17
1188,659,47
998,659,47
22,659,50
1181,659,47
1170,659,10
281,659,14
792,660,2
998,660,50
838,660,50
509,660,17
641,660,27
809,660,20
806,660,22
297,661,28
811,661,4
227,661,9
569,661,49
319,661,33
299,661,33
575,661,22
550,661,21
1165,661,49
912,661,19
1026,661,7
640,661,17
617,661,23
425,661,42
576,661,24
1121,661,38
495,662,26
1179,662,37
982,662,8
367,662,37
1027,662,37
640,662,11
693,662,33
690,662,44
992,662,50
429,662,26
1017,662,47
223,662,29
167,662,31
153,662,23
949,662,42
561,662,34
814,662,4
324,662,15
347,662,39
281,662,43
1074,662,22
204,662,25
622,662,4
805,662,14
899,662,45
645,662,36
700,662,49
816,662,10
633,662,15
1086,663,19
913,663,36
1189,663,27
1177,663,28
782,663,38
787,663,25
1190,663,23
347,663,7
1191,663,32
139,663,41
788,663,13
844,663,39
1000,663,43
606,663,2
1180,663,16
928,663,46
357,663,14
1149,663,27
866,663,17
1033,663,22
293,663,1
1047,663,39
1139,663,45
118,663,5
299,663,5
1031,663,42
886,663,20
1066,663,41
1022,663,40
417,663,31
312,663,5
990,663,47
1046,663,42
495,663,50
203,663,44
1028,663,5
844,664,7
66,664,14
1112,664,44
351,664,22
91,664,30
357,664,33
287,664,13
347,664,47
1163,664,8
725,664,31
367,664,40
1063,664,36
919,664,20
23,664,4
153,664,40
1004,664,10
951,664,37
1131,664,43
224,664,33
673,664,40
1133,664,30
1028,664,25
1192,664,21
964,664,35
984,664,29
288,664,42
791,664,34
878,664,38
135,665,17
1104,665,32
347,665,15
1193,665,26
398,665,48
1094,665,15
641,665,1
1190,666,44
1182,666,42
135,666,13
1071,666,45
1162,666,41
892,666,35
299,666,43
1107,666,8
990,666,33
996,666,19
949,666,8
1025,666,25
1134,666,1
319,666,28
634,666,7
281,666,35
347,666,50
1101,666,12
429,666,5
618,666,25
947,666,38
471,666,31
153,666,39
1194,666,38
675,666,11
1028,666,5
1034,666,8
1042,666,30
1030,666,15
648,666,23
23,666,45
1083,666,29
1032,666,26
568,666,47
1149,666,19
157,666,13
1103,666,17
1148,666,7
189,667,9
508,667,26
299,667,48
979,667,15
1163,667,29
983,667,3
204,667,38
1110,667,23
1028,667,50
1193,667,10
153,667,49
71,667,2
347,667,41
18,667,33
975,667,36
1002,667,8
765,667,45
1095,667,7
287,667,18
293,667,30
860,667,31
790,667,21
140,667,20
648,667,10
626,667,26
998,667,11
757,667,33
1135,667,39
672,667,4
571,667,44
514,667,15
1094,667,40
622,667,26
893,667,38
1117,667,4
495,667,47
1013,667,23
45,668,45
507,668,9
829,668,30
139,668,9
788,668,29
142,668,26
347,668,10
651,668,2
118,668,31
1028,668,3
344,668,30
731,668,20
347,669,35
1174,669,28
1147,669,2
781,669,46
939,669,39
1119,669,48
868,669,3
33,669,34
499,669,26
85,669,49
1026,669,5
747,669,27
1195,669,28
200,669,17
872,669,10
653,669,2
197,669,4
944,669,20
902,669,15
441,669,34
869,669,11
216,669,14
840,669,2
855,669,9
919,669,26
1133,669,2
871,669,21
315,669,46
918,669,11
987,669,49
347,670,19
840,670,29
977,670,31
1086,670,11
240,670,42
1114,670,38
174,670,44
1082,670,24
861,670,39
1178,670,31
853,670,2
558,670,19
854,670,1
122,670,31
872,670,5
287,670,15
909,670,36
514,670,35
206,670,26
178,670,1
420,670,37
153,670,29
875,670,1
888,670,32
451,670,35
90,670,10
527,670,26
462,670,50
915,670,12
141,670,12
1131,670,33
999,670,31
513,670,26
396,670,1
916,670,15
957,670,28
657,670,18
103,670,22
1077,670,23
731,670,1
874,670,50
862,670,49
162,670,43
182,670,1
844,670,44
1079,670,48
1195,671,49
197,671,12
987,671,50
347,671,26
870,671,14
812,671,50
287,671,25
1047,671,47
1149,671,32
1178,671,16
944,671,41
858,671,7
178,671,29
1036,671,9
485,672,41
486,672,20
1133,672,50
169,672,44
121,672,1
161,672,25
163,672,34
870,673,29
972,673,1
729,673,23
878,673,50
976,673,40
758,673,50
29,673,20
618,673,49
1152,674,12
927,674,39
970,674,12
954,674,48
1151,674,25
832,674,48
646,674,8
859,674,23
697,674,43
297,674,49
1098,674,2
132,674,6
739,674,21
971,674,36
602,674,28
1153,674,4
1107,674,45
569,674,37
27,674,48
92,674,50
568,674,32
688,674,26
121,674,32
1112,674,36
438,674,39
1154,674,45
793,674,29
1048,674,32
1143,674,27
1155,674,15
321,674,19
749,674,9
1158,674,19
1144,674,43
475,674,28
400,674,14
97,674,25
1157,674,23
817,674,24
89,674,30
836,674,40
844,674,35
893,674,5
1145,674,11
221,674,36
1156,674,1
1138,674,10
462,674,17
442,674,1
329,674,13
1068,674,25
1160,674,45
443,674,34
347,675,37
593,675,44
1131,675,45
738,675,30
631,675,28
826,675,1
129,675,41
288,675,12
975,675,22
861,675,30
1100,675,13
403,675,32
613,675,40
1109,675,26
299,675,17
855,676,21
858,677,21
869,677,45
462,677,17
1006,677,41
1096,678,44
1166,678,38
723,678,47
1018,678,11
826,679,27
310,680,14
657,680,10
1060,680,41
910,681,40
347,681,9
1075,681,18
1079,682,34
1077,682,4
1178,683,9
853,683,25
7,683,39
449,684,4
998,684,48
922,684,15
840,685,31
153,685,43
310,685,7
347,685,25
1179,685,18
347,686,33
1174,686,29
1147,686,3
781,686,33
939,686,8
1119,686,20
868,686,43
33,686,11
499,686,31
85,686,1
747,686,49
1026,686,23
1195,686,14
200,686,7
872,686,47
653,686,3
197,686,6
944,686,30
902,686,24
441,686,1
869,686,44
840,686,23
216,686,40
855,686,6
919,686,32
1133,686,38
871,686,28
315,686,21
918,686,1
287,687,38
347,687,34
1195,688,23
1192,688,44
875,689,49
742,689,44
870,689,49
854,689,2
287,689,42
860,689,39
307,689,15
664,689,28
1178,689,44
178,689,36
475,689,47
878,689,14
113,689,30
287,690,42
1075,690,25
267,691,36
1028,691,12
298,691,39
645,691,37
213,691,9
158,691,6
89,691,26
516,691,34
1010,691,3
638,691,28
286,691,32
1195,692,34
347,693,17
1183,693,37
1075,693,19
1133,693,1
1018,693,35
1173,693,9
944,693,23
844,693,49
1196,693,39
1142,693,17
1004,693,6
901,693,30
1197,693,37
458,693,40
1028,693,30
911,693,40
90,693,5
1003,693,47
617,693,44
287,693,47
739,693,23
649,694,47
320,694,33
164,694,32
646,695,37
1070,695,7
707,696,23
1120,696,18
483,696,46
1110,696,44
1121,696,40
160,696,16
901,696,18
953,696,16
383,696,17
694,696,30
927,696,2
1087,696,33
1070,697,9
271,697,45
1095,697,9
725,697,34
1096,697,30
812,697,4
1037,697,12
819,697,27
81,697,42
1198,697,9
252,697,17
1036,697,48
990,697,6
178,697,30
122,698,48
1041,698,5
1028,698,47
370,698,31
1002,699,18
569,699,7
430,699,7
1167,699,35
904,699,1
725,699,27
606,699,28
303,699,1
17,699,33
990,699,8
948,699,50
281,699,10
1185,699,17
96,699,19
204,699,27
527,699,23
1149,699,46
813,699,22
903,699,45
760,699,28
505,699,11
1059,699,34
613,699,17
1183,699,49
1044,699,37
1042,699,36
709,699,28
680,699,1
347,699,2
1001,699,4
724,699,3
1174,700,50
451,700,36
357,700,28
1191,700,33
191,700,19
1000,700,12
1041,700,43
928,700,5
979,700,39
991,700,39
1190,700,25
1136,700,24
848,700,31
163,700,45
371,700,38
1173,700,10
484,700,5
606,700,3
935,700,15
588,700,36
120,700,8
799,700,6
142,700,11
347,700,20
802,700,14
1134,700,33
118,700,23
418,700,3
1121,700,26
933,700,19
814,700,47
129,700,27
299,700,13
881,700,36
724,700,30
204,700,40
362,700,7
91,700,49
813,700,41
540,701,20
928,701,20
301,701,47
1094,701,48
1037,701,29
920,701,34
281,701,40
1117,701,20
380,701,50
1008,701,31
1134,701,49
1113,701,48
1106,701,50
661,701,1
1101,701,30
293,701,50
299,701,34
826,701,20
378,701,2
1051,701,26
944,701,20
1183,701,17
1199,701,24
878,701,20
930,701,2
808,701,44
209,701,50
1028,701,5
844,702,6
898,702,9
347,702,21
606,703,40
204,703,18
153,704,11
297,704,23
792,704,33
1200,704,15
1095,704,1
990,704,31
837,704,9
347,704,44
1191,704,42
1080,704,25
1028,704,1
322,704,28
1050,704,3
835,704,31
934,704,34
1103,704,3
1044,704,10
844,704,4
755,704,31
783,705,34
586,705,26
347,705,44
1021,705,15
1191,705,15
163,705,45
1002,705,42
1042,705,10
18,705,46
791,705,1
1018,705,3
647,705,49
1004,705,46
541,705,21
972,705,20
1040,705,22
1188,705,50
934,705,10
1201,705,39
204,705,28
533,705,9
1179,705,44
750,705,8
848,705,4
646,705,33
82,705,39
911,705,17
153,705,24
1166,705,9
122,705,38
81,705,28
720,705,40
820,705,37
293,705,48
1184,705,20
568,705,40
1009,705,10
732,705,13
1055,706,4
522,706,45
1084,707,28
340,707,20
160,707,3
1186,707,26
347,707,6
1038,707,48
672,707,38
604,707,41
1071,707,19
1166,707,6
23,707,30
1181,707,21
636,707,32
1175,707,33
299,707,15
719,707,23
55,707,9
1180,707,28
216,707,4
1028,707,21
370,707,5
844,707,14
1095,707,43
765,707,1
107,707,23
505,708,5
314,708,27
1001,709,34
359,709,11
240,709,36
693,709,31
799,709,28
438,709,2
299,709,11
565,709,31
1193,709,43
1199,709,13
924,710,30
998,710,18
716,711,34
1000,711,8
626,711,45
204,711,20
276,711,32
1038,712,36
1021,712,49
243,712,32
382,712,2
1082,712,43
741,712,31
1093,712,8
1128,712,36
1194,712,23
802,712,31
1184,712,11
1010,712,22
773,712,18
1001,712,36
1186,712,15
886,712,17
429,712,46
1173,712,21
1124,712,49
529,712,14
811,712,43
847,712,18
527,712,9
347,712,27
1117,712,44
293,712,36
887,712,18
813,712,41
281,712,8
1197,712,30
347,713,21
1182,713,19
299,713,49
1140,713,8
1171,713,25
870,713,38
988,713,18
1166,713,27
1061,713,46
895,713,18
118,713,3
702,713,26
748,713,23
527,713,9
1094,713,11
433,713,15
223,713,41
1023,713,3
1075,713,38
1148,713,30
1082,713,18
29,713,13
569,713,36
998,713,12
826,713,15
1118,713,17
7,713,46
293,713,50
122,713,17
1095,713,28
281,713,45
1188,713,41
1133,713,21
319,713,35
154,714,28
1102,714,31
937,714,1
1200,714,33
624,714,48
1150,714,22
1121,714,38
1027,714,13
51,714,6
295,714,25
1133,714,6
1154,714,23
1186,714,25
139,714,1
1136,714,9
1080,714,38
1100,714,16
1130,714,2
347,714,43
1194,714,12
45,715,21
347,715,11
33,715,8
23,715,45
71,715,49
203,715,4
1028,715,1
545,715,19
344,715,42
55,715,26
683,715,13
54,715,30
804,715,41
731,715,38
820,716,4
357,716,5
670,716,42
1136,716,45
604,716,37
347,716,14
376,716,31
90,716,11
991,716,32
1032,716,16
1188,716,30
798,716,19
1081,716,47
926,716,18
856,716,36
1094,716,32
1040,716,11
1193,716,4
612,716,50
645,716,18
374,716,33
572,716,1
299,716,16
370,716,45
384,716,43
610,716,2
362,716,39
122,717,19
568,717,1
737,718,19
783,718,30
1171,718,43
347,718,27
1084,718,48
258,718,44
917,718,7
357,718,38
1174,718,28
1168,718,44
747,718,14
1021,718,48
540,718,7
1180,718,6
359,718,26
281,718,49
91,718,4
1001,718,3
932,718,31
960,718,23
1104,718,19
819,718,31
1028,718,19
577,718,41
1187,718,40
347,719,33
1104,719,49
815,719,41
318,719,32
852,719,43
204,719,12
21,719,13
182,719,14
412,719,49
799,720,14
158,720,20
729,720,19
562,720,30
905,720,34
1069,720,39
146,720,43
1101,721,19
1082,721,29
1189,721,19
1200,721,47
1187,721,4
1021,721,23
347,721,47
1134,721,19
1169,721,44
1008,721,36
1186,721,36
1184,721,21
1194,721,31
714,721,5
1113,721,26
1066,721,34
1092,721,1
209,721,37
1193,721,27
299,721,15
210,721,3
1198,721,45
983,721,14
673,721,3
1049,721,12
367,721,9
347,722,6
507,722,33
1028,722,43
1166,722,41
556,722,26
504,722,12
1154,722,5
1133,722,5
848,722,3
928,722,35
344,722,28
898,722,37
258,723,4
319,723,36
606,723,14
993,723,39
591,723,45
1175,723,31
438,723,23
1109,723,39
636,723,50
944,723,13
347,723,44
925,723,20
1023,723,1
1190,723,10
299,723,32
364,723,2
716,723,2
526,723,19
778,723,32
306,723,28
1166,723,45
998,723,40
281,723,9
1177,723,6
1078,723,10
1198,723,38
588,723,37
217,723,2
1074,723,24
1075,723,18
595,723,36
1019,723,26
83,723,34
615,723,5
1148,723,14
1043,723,25
204,723,31
1156,723,5
184,723,31
1025,723,28
522,724,32
925,724,24
1194,724,10
305,724,29
314,724,3
293,724,47
337,724,43
1025,724,18
223,724,28
645,724,15
83,724,23
638,724,35
724,724,34
306,724,45
347,724,47
299,724,43
887,724,13
430,724,50
1081,724,21
603,724,3
504,724,36
1156,724,9
924,725,26
217,725,41
227,725,13
1166,725,45
645,725,50
670,725,49
1023,725,11
293,725,25
1075,725,30
381,725,44
306,725,24
998,725,30
347,725,36
1117,725,13
602,725,4
1148,725,39
504,725,34
638,725,24
1041,725,50
979,726,18
1133,726,15
442,726,24
1106,726,44
777,726,23
380,726,8
306,726,37
1190,727,34
371,727,35
994,727,31
802,727,32
636,727,49
1083,727,13
963,727,7
426,727,2
32,727,32
429,727,29
209,727,41
700,727,45
1198,728,46
1093,728,36
848,728,24
837,729,14
812,729,38
223,729,37
951,729,15
1201,730,43
1080,730,5
1129,731,26
1181,731,41
1002,732,32
1177,733,20
347,733,31
1161,734,42
237,735,48
136,735,9
347,735,42
787,735,13
706,735,26
1086,735,24
407,735,5
33,735,2
1028,735,9
1154,735,35
1177,735,50
141,735,49
1021,735,3
568,735,25
1146,735,5
1164,735,11
791,735,32
385,735,9
990,735,37
1121,735,39
1152,735,9
934,735,45
94,735,18
287,735,9
191,735,24
228,735,50
1202,735,40
1075,735,16
786,735,50
915,735,45
604,735,14
836,735,44
484,735,36
224,735,43
495,735,26
1094,735,15
299,735,49
997,735,34
1166,735,24
961,735,7
438,735,31
1086,736,39
115,736,4
988,736,42
1053,736,43
458,736,34
1110,736,28
1177,736,45
945,736,36
1121,736,40
684,736,31
1152,736,15
1047,736,15
1183,736,22
953,736,14
483,736,48
598,736,23
785,736,5
72,736,45
347,736,43
1166,736,43
1129,736,38
1189,736,31
833,736,50
628,736,19
293,737,10
347,737,27
780,738,33
1014,738,11
328,738,24
538,738,20
845,738,45
928,738,49
697,738,33
1182,738,23
770,738,30
141,738,22
347,738,5
657,738,34
1150,738,29
1194,738,20
157,738,17
785,738,38
765,738,28
438,738,9
217,738,40
1185,738,37
87,738,25
1121,738,36
160,738,35
133,738,26
122,738,50
419,738,33
484,738,14
1153,738,50
709,738,24
934,738,50
905,738,50
364,738,3
1080,738,19
318,738,4
742,738,37
1060,738,11
557,738,17
662,739,6
281,739,9
204,739,35
755,739,10
813,739,43
1081,739,48
380,739,8
759,739,46
314,739,30
802,739,45
478,739,34
647,739,26
561,739,44
717,739,12
333,739,21
430,739,45
538,740,11
1202,740,14
841,740,49
122,740,31
978,740,44
347,740,41
440,740,4
881,740,3
1035,740,26
944,740,27
574,740,27
579,740,8
32,740,2
347,741,22
1157,741,50
1100,741,32
846,741,2
121,741,21
856,742,18
1166,742,11
881,742,33
676,742,48
1176,742,50
299,742,29
1060,742,33
1078,742,23
844,742,3
444,742,41
99,742,48
1169,742,21
1069,742,2
705,742,43
909,742,10
30,742,49
92,742,12
3,743,11
841,743,32
934,743,48
337,743,43
347,743,38
153,743,48
1129,743,33
562,743,29
538,743,12
527,743,22
911,743,50
529,743,43
730,743,42
937,744,45
1197,744,29
52,744,17
1133,744,17
698,744,40
45,745,12
651,745,33
347,746,11
193,746,50
819,746,16
1114,746,12
210,746,19
979,746,2
990,746,42
1201,746,40
451,746,1
1162,746,16
209,746,35
384,746,6
638,746,16
1030,746,31
844,746,29
1165,746,50
1021,746,16
1167,746,47
629,746,24
569,746,7
1066,746,48
896,746,36
1154,746,44
370,746,30
1117,746,8
299,746,43
898,746,7
288,746,23
848,746,18
1037,746,8
887,746,1
928,747,7
1170,747,12
711,747,37
273,747,37
1199,747,11
1183,747,19
878,747,2
974,747,13
923,748,15
314,748,36
333,748,19
1059,749,21
347,749,26
988,750,6
1109,750,39
792,750,3
915,750,5
646,750,9
697,750,9
27,750,27
1120,750,49
756,750,41
1028,750,46
224,750,35
1177,750,12
347,750,22
877,750,28
816,750,9
798,750,32
903,750,43
535,750,36
568,750,43
693,750,8
699,750,21
362,750,30
163,750,36
649,751,14
766,752,36
237,752,44
45,752,36
139,752,24
539,752,34
347,752,38
163,752,4
846,752,30
944,752,10
1166,752,9
75,752,3
56,752,27
103,752,42
241,752,13
987,752,40
204,752,6
550,752,35
1154,752,20
768,752,44
745,753,13
968,753,3
825,753,2
118,753,4
1146,753,19
1196,753,22
1120,753,22
249,753,24
347,753,30
944,753,11
1124,753,13
707,753,46
1202,753,45
1089,753,11
882,753,41
427,753,31
90,753,47
969,753,18
599,753,1
745,754,44
968,754,25
803,754,22
76,754,14
599,754,21
895,754,7
942,754,49
844,754,17
1123,754,11
1126,754,14
675,754,5
347,754,26
967,754,50
421,754,21
1162,755,39
347,756,29
153,756,47
646,756,42
7,756,16
916,756,35
1194,756,9
1197,756,37
204,757,47
1202,758,5
611,758,33
347,758,10
36,758,42
1131,758,23
594,758,30
764,758,36
527,758,30
183,758,15
92,758,41
579,758,8
903,758,41
821,758,47
321,758,30
347,759,27
686,759,2
1156,759,43
328,759,19
1198,759,21
978,760,25
879,760,3
385,760,9
812,760,34
646,760,28
605,760,34
944,760,45
839,760,39
347,760,13
844,760,35
230,760,16
895,760,17
866,760,23
1101,760,14
969,760,45
1036,760,26
178,760,7
32,760,4
750,760,9
736,761,16
462,761,31
923,761,46
958,762,9
781,762,49
347,762,39
584,762,40
782,762,9
937,762,1
312,762,50
1196,762,6
9,762,26
847,762,45
844,762,28
1173,762,9
1169,762,18
108,762,50
1021,762,5
1152,762,36
1121,762,39
1177,762,26
1154,762,12
90,762,25
913,762,6
1006,762,25
1028,762,41
550,763,5
3,763,39
347,763,3
718,763,15
1,763,35
1018,763,49
112,763,38
533,763,39
913,763,37
630,763,14
911,763,17
233,763,15
435,763,50
542,763,16
329,763,32
692,763,4
1160,763,4
613,763,37
933,763,10
1060,763,40
7,763,36
446,763,36
775,763,20
935,763,50
132,763,23
922,763,42
1007,763,9
184,763,1
761,763,2
568,763,23
121,763,13
416,763,33
153,763,18
224,763,46
169,763,9
1196,763,39
1061,763,13
739,763,41
844,763,2
1166,763,15
347,764,34
281,764,26
1187,764,45
1095,764,15
765,764,2
1165,764,12
523,764,44
1100,764,27
1044,764,32
347,765,47
962,765,15
299,765,45
1101,765,33
867,765,16
236,765,9
297,765,45
1014,765,28
878,765,49
814,765,11
1030,765,18
1004,765,41
262,765,24
892,765,30
1054,765,36
153,765,33
990,765,46
965,765,50
1000,765,43
1137,765,29
818,765,39
388,765,42
722,765,40
264,765,20
223,765,47
381,765,39
1012,765,32
734,766,6
912,766,22
313,766,50
406,766,31
826,766,2
576,766,36
617,766,43
1170,766,27
403,766,42
582,766,43
671,767,17
1189,767,33
153,767,38
347,767,10
1166,767,45
844,767,13
739,767,50
160,767,41
979,767,29
734,767,45
756,767,49
1060,767,28
712,767,23
1161,767,34
299,767,33
1146,768,23
1185,768,22
990,769,50
598,769,5
606,769,22
334,769,16
204,769,45
612,769,34
1096,770,21
1022,770,50
1018,770,27
801,770,39
347,770,7
223,770,16
55,770,20
683,770,32
407,771,14
1090,771,24
607,771,44
1029,771,24
964,771,4
153,771,42
1135,771,48
978,772,27
1065,772,17
1189,772,34
569,772,30
1200,772,7
579,772,39
160,772,48
867,772,30
347,772,18
1164,772,48
357,772,50
535,772,26
204,772,29
725,772,13
317,772,30
856,772,31
1133,772,1
844,772,20
299,772,19
700,772,36
738,772,27
1024,772,5
87,772,27
1149,772,11
1115,772,36
1159,772,32
620,772,1
393,772,41
533,772,33
1075,772,43
153,772,36
615,772,9
370,772,9
595,772,46
1125,772,50
686,772,4
911,772,47
538,773,32
1194,773,23
1185,773,14
419,773,20
905,773,9
535,773,15
1129,773,29
347,773,39
826,773,18
852,773,38
748,773,35
181,773,29
844,773,48
1024,773,42
1192,773,1
91,774,7
738,774,9
1168,774,1
1133,774,8
812,774,27
613,774,41
178,774,3
1036,774,13
45,775,41
347,775,23
476,775,27
609,775,38
7,775,48
90,775,38
1179,775,8
1097,775,1
1201,775,36
731,775,50
588,775,29
1042,775,50
651,775,3
1013,775,24
591,775,39
535,775,23
844,775,3
683,775,42
504,775,14
784,775,30
809,775,37
1095,775,20
630,775,4
844,776,12
944,776,42
94,776,3
980,776,2
342,777,18
312,777,39
347,777,24
844,777,3
512,777,27
1196,777,38
7,777,29
118,777,5
1183,777,14
1121,777,28
153,777,47
1188,777,38
540,777,48
1083,777,49
1136,777,37
990,777,25
1028,777,12
1173,777,31
232,777,1
740,777,31
934,777,45
161,777,49
210,777,11
89,777,19
901,777,33
1116,777,32
500,777,3
771,777,19
527,777,16
1133,777,7
1192,777,21
1095,777,27
183,777,8
185,777,36
32,777,47
988,778,20
1109,778,7
792,778,6
915,778,34
646,778,39
697,778,7
27,778,20
756,778,49
1120,778,32
347,778,37
224,778,31
1028,778,30
1177,778,24
903,778,13
877,778,48
816,778,35
798,778,50
362,778,18
163,778,27
535,778,12
568,778,7
693,778,2
699,778,4
347,779,16
1174,779,12
833,779,23
542,779,19
844,779,36
669,779,22
92,780,2
808,780,24
347,780,27
957,780,46
1129,780,38
1130,780,9
727,780,36
987,780,49
1052,780,43
628,780,28
928,781,17
1178,781,2
979,781,26
410,781,46
809,781,43
347,781,4
607,781,30
217,781,19
732,781,23
886,781,25
1199,781,14
878,781,8
1183,781,2
703,781,47
915,782,8
189,782,11
508,782,47
163,782,15
1028,782,42
347,782,45
322,782,38
344,782,38
677,782,19
579,782,49
36,782,43
502,782,47
746,782,8
916,782,11
527,782,2
594,782,42
347,783,41
764,783,49
903,783,43
229,783,25
1166,783,10
966,783,5
545,783,47
959,784,30
1163,784,47
317,784,43
569,784,45
1158,784,43
337,784,2
699,784,8
400,784,32
505,784,2
887,784,23
1146,785,19
52,785,24
224,785,39
347,785,21
1100,785,50
293,785,2
301,785,46
228,785,39
178,785,45
45,786,36
651,786,7
1154,787,49
568,787,19
750,787,22
951,787,35
347,788,47
844,788,7
287,789,9
67,789,12
731,789,18
1131,789,39
45,790,32
507,790,15
651,790,17
392,790,45
637,790,17
118,790,16
939,790,29
765,790,20
1123,791,39
1124,791,28
347,791,47
1125,791,36
822,791,12
1,791,33
954,791,3
1126,791,24
1067,791,13
742,791,31
738,791,28
474,791,41
844,791,19
1127,791,49
531,791,13
299,791,27
153,791,33
569,791,21
802,791,4
1128,791,50
1129,791,27
824,791,25
866,791,28
433,791,38
133,791,47
750,791,24
1130,791,2
812,791,29
370,791,12
496,791,10
174,791,16
852,791,27
1036,791,8
178,791,31
1131,791,3
83,791,23
312,791,13
1020,791,6
821,791,9
1111,791,17
118,791,22
1173,792,11
770,793,10
654,793,46
347,793,25
204,793,26
1176,794,16
308,795,7
943,796,28
